date,time,latitude,longitude,tcwv,reflectance,sza,saa,vza,vaa,am,epsilon,I0,elevation,ssrd_wm2,alpha,beta,C_raw,AM,theta_z,C_sat,CI,W,TL
20220817,0,-5.25,110.25,47.909,0.155,72.73,74.101,30.868,-100.293,3.368,0.977,1329.724,0.0,81.227,1.49,0.163,0.155,3.368,72.73,0.1141293879550435,0.5586096907985235,4.7909,5.211048149489038
20220817,0,-5.25,111.0,45.952,0.047,72.003,73.965,30.12,-100.526,3.237,0.977,1329.724,0.0,68.48,1.344,0.087,0.047,3.237,72.003,0.0330020691844218,0.1562144422691632,4.5952,3.9566225368622074
20220817,0,-5.25,111.75,42.948,0.055,71.295,73.83,29.393,-100.765,3.118,0.977,1329.724,,72.942,1.144,0.057,0.055,3.118,71.295,0.0369328107343506,0.1757111019253315,4.2948,3.446269726635488
20220817,0,-5.25,112.5,40.081,0.183,70.568,73.687,28.647,-101.024,3.006,0.977,1329.724,0.0,121.653,1.022,0.063,0.183,3.006,70.568,0.1176443323089307,0.5760439771558522,4.008100000000001,3.521057977757878
20220817,0,-5.25,113.25,38.747,0.157,69.861,73.544,27.921,-101.29,2.904,0.977,1329.724,,127.36,1.003,0.085,0.157,2.904,69.861,0.0968768677106449,0.473036393459174,3.8747,3.86696994062869
20220817,0,-5.25,114.0,39.011,0.07,69.135,73.394,27.176,-101.579,2.808,0.977,1329.724,0.0,162.844,0.99,0.102,0.07,2.808,69.135,0.0415031664395678,0.1983802773367397,3.9011000000000005,4.146066967898133
20220817,0,-5.25,114.75,40.055,0.063,68.43,73.244,26.451,-101.877,2.72,0.977,1329.724,0.0,165.564,0.954,0.112,0.063,2.72,68.43,0.0359722825415965,0.1709468377206242,4.0055,4.3186705034698
20220817,0,-5.25,115.5,41.823,0.034,67.705,73.086,25.708,-102.201,2.636,0.977,1329.724,,133.564,0.929,0.111,0.034,2.636,67.705,0.0187072268705553,0.0853113640860921,4.1823,4.317982073405174
20220817,0,-5.25,116.25,43.809,0.016,67.0,72.928,24.985,-102.535,2.559,0.977,1329.724,,106.436,0.937,0.11,0.016,2.559,67.0,0.0085012889127002,0.0346894403832035,4.3809,4.3174543792978595
20220817,0,-6.0,110.25,47.292,0.272,72.934,73.881,30.99,-101.713,3.408,0.977,1329.724,0.0,65.991,1.609,0.19,0.272,3.408,72.934,0.203118540902854,1.0,4.7292000000000005,5.6487218364873595
20220817,0,-6.0,111.0,46.048,0.235,72.208,73.736,30.246,-101.977,3.273,0.977,1329.724,0.0,73.12,1.554,0.1,0.235,3.273,72.208,0.1672060353313433,0.8218723134975197,4.6048,4.1696498033664
20220817,0,-6.0,111.75,43.626,0.073,71.502,73.591,29.522,-102.247,3.152,0.977,1329.724,0.0,114.311,1.364,0.031,0.073,3.152,71.502,0.0496568992202699,0.2388231685656404,4.3626,3.0268675860563756
20220817,0,-6.0,112.5,38.891,0.02,70.777,73.438,28.78,-102.54,3.037,0.977,1329.724,0.0,122.898,1.15,0.027,0.02,3.037,70.777,0.0130155854565482,0.0570805597647398,3.8891,2.9247317486031017
20220817,0,-6.0,113.25,36.114,0.067,70.072,73.285,28.058,-102.84,2.934,0.977,1329.724,0.0,115.822,1.123,0.064,0.067,2.934,70.072,0.0418486526785023,0.2000939050405295,3.6113999999999997,3.499409384181024
20220817,0,-6.0,114.0,36.714,0.072,69.349,73.125,27.317,-103.166,2.835,0.977,1329.724,0.0,104.249,1.098,0.084,0.072,2.835,69.349,0.0431781460236867,0.2066882534445018,3.6713999999999998,3.8304337765965437
20220817,0,-6.0,114.75,38.128,0.035,68.645,72.966,26.597,-103.501,2.746,0.977,1329.724,0.0,167.289,1.022,0.095,0.035,2.746,68.645,0.0202108591012277,0.0927694494058954,3.8128,4.023586742862079
20220817,0,-6.0,115.5,39.313,0.025,67.922,72.797,25.859,-103.866,2.661,0.977,1329.724,0.0,177.422,0.935,0.094,0.025,2.661,67.922,0.0139090484587169,0.0615121775262732,3.9313000000000002,4.018755332181156
20220817,0,-6.0,116.25,40.843,0.03,67.22,72.63,25.141,-104.243,2.583,0.977,1329.724,,168.996,0.852,0.094,0.03,2.583,67.22,0.0161154805070952,0.0724561824055746,4.084300000000001,4.032568703617476
20220817,0,-6.75,110.25,38.61,0.028,73.147,73.659,31.131,-103.161,3.449,0.977,1329.724,0.0,96.338,1.59,0.145,0.028,3.449,73.147,0.021211943425966,0.09773487389861,3.8609999999999998,4.8416043489569995
20220817,0,-6.75,111.0,40.528,0.038,72.423,73.503,30.391,-103.455,3.311,0.977,1329.724,36.0,115.449,1.62,0.132,0.038,3.311,72.423,0.0274144899582229,0.1284997912061725,4.0527999999999995,4.648742231938048
20220817,0,-6.75,111.75,41.19,0.038,71.718,73.348,29.672,-103.756,3.188,0.977,1329.724,0.0,108.107,1.648,0.08,0.038,3.188,71.718,0.0262013389432937,0.1224825061343422,4.119,3.8074268485480003
20220817,0,-6.75,112.5,37.194,0.035,70.996,73.185,28.934,-104.082,3.071,0.977,1329.724,0.0,124.693,1.432,0.03,0.035,3.071,70.996,0.0230807616792663,0.1070042987592933,3.7194000000000003,2.9579759369856795
20220817,0,-6.75,113.25,34.825,0.024,70.292,73.023,28.217,-104.416,2.965,0.977,1329.724,0.0,136.676,1.321,0.049,0.024,2.965,70.292,0.0151793729078121,0.0678130454725178,3.4825000000000004,3.2423440957162497
20220817,0,-6.75,114.0,36.489,0.02,69.571,72.853,27.481,-104.778,2.865,0.977,1329.724,0.0,138.596,1.317,0.078,0.02,2.865,69.571,0.0121441698833488,0.0527582982693074,3.6489,3.730640711335748
20220817,0,-6.75,114.75,38.686,0.018,68.869,72.683,26.767,-105.152,2.774,0.977,1329.724,0.0,123.822,1.235,0.096,0.018,2.774,68.869,0.0105195389950888,0.0447000540187087,3.8686,4.045320985455136
20220817,0,-6.75,115.5,39.499,0.02,68.149,72.505,26.034,-105.557,2.687,0.977,1329.724,0.0,173.653,1.131,0.092,0.02,2.687,68.149,0.011255967923217,0.0483527755192948,3.9499000000000004,3.9879390800856322
20220817,0,-6.75,116.25,40.993,0.032,67.448,72.327,25.321,-105.975,2.607,0.977,1329.724,,174.133,0.989,0.089,0.032,2.607,67.448,0.0173791440115135,0.0787240117585401,4.0993,3.952402377599306
20220817,0,-7.5,110.25,29.145,0.074,73.356,73.445,31.283,-104.558,3.491,0.977,1329.724,340.0,87.662,1.397,0.088,0.074,3.491,73.356,0.0568796357219483,0.2746482752460727,2.9145,3.8031881524542
20220817,0,-7.5,111.0,30.833,0.03,72.634,73.28,30.548,-104.881,3.35,0.977,1329.724,158.0,107.627,1.525,0.075,0.03,3.35,72.634,0.0219482853958562,0.1013871640823189,3.0833,3.6159404496975496
20220817,0,-7.5,111.75,33.419,0.023,71.932,73.116,29.834,-105.211,3.224,0.977,1329.724,152.0,127.271,1.652,0.102,0.023,3.224,71.932,0.0160731956397134,0.0722464475101415,3.3419,4.085191037990612
20220817,0,-7.5,112.5,31.13,0.032,71.211,72.943,29.101,-105.568,3.105,0.977,1329.724,27.0,125.724,1.562,0.068,0.032,3.105,71.211,0.0213808574434136,0.0985726952276139,3.113,3.5066219582832003
20220817,0,-7.5,113.25,29.788,0.016,70.51,72.771,28.389,-105.934,2.997,0.977,1329.724,0.0,148.16,1.394,0.064,0.016,2.997,70.51,0.0102494815372379,0.0433605565532942,2.9788,3.4246454830383364
20220817,0,-7.5,114.0,32.475,0.015,69.791,72.591,27.659,-106.331,2.895,0.977,1329.724,0.0,152.498,1.361,0.087,0.015,2.895,69.791,0.0092213276570137,0.0382608658149746,3.2475,3.83075612831375
20220817,0,-7.5,114.75,38.386,0.155,69.091,72.412,26.949,-106.739,2.802,0.977,1329.724,0.0,135.484,1.366,0.108,0.155,2.802,69.091,0.0916694205940929,0.4472072152190661,3.8386000000000005,4.237551948041728
20220817,0,-7.5,115.5,39.647,0.034,68.373,72.224,26.222,-107.182,2.713,0.977,1329.724,0.0,136.462,1.291,0.106,0.034,2.713,68.373,0.0193547816944981,0.0885232659246526,3.9646999999999997,4.217195163620284
20220817,0,-7.5,116.25,40.63,0.053,67.675,72.036,25.516,-107.638,2.633,0.977,1329.724,,173.209,1.194,0.092,0.053,2.633,67.675,0.0291213897354395,0.1369660929461544,4.063000000000001,3.9981317861408
20220817,0,-8.25,110.25,30.055,0.035,73.574,73.229,31.456,-105.98,3.536,0.977,1329.724,0.0,88.924,1.053,0.053,0.035,3.536,73.574,0.0273190482230913,0.1280263957912822,3.0055,3.25055858055245
20220817,0,-8.25,111.0,28.577,0.024,72.854,73.054,30.726,-106.331,3.392,0.977,1329.724,0.0,84.622,1.09,0.037,0.024,3.392,72.854,0.017822107430152,0.0809211307763203,2.8577000000000004,2.9730757143402577
20220817,0,-8.25,111.75,27.075,0.144,72.154,72.88,30.016,-106.69,3.263,0.977,1329.724,179.0,119.396,1.155,0.031,0.144,3.263,72.154,0.1020867232918032,0.4988775177949808,2.7075,2.85608729538375
20220817,0,-8.25,112.5,25.343,0.044,71.436,72.698,29.289,-107.077,3.141,0.977,1329.724,450.0,139.591,1.195,0.041,0.044,3.141,71.436,0.0298059954367802,0.14036176884806,2.5343,2.9921674983463142
20220817,0,-8.25,113.25,24.546,0.024,70.737,72.516,28.583,-107.475,3.031,0.977,1329.724,5.0,138.809,1.29,0.076,0.024,3.031,70.737,0.0155819163417618,0.0698096794991647,2.4546,3.541972069268736
20220817,0,-8.25,114.0,26.887,0.052,70.02,72.326,27.859,-107.905,2.927,0.977,1329.724,520.0,126.009,1.298,0.096,0.052,2.927,70.02,0.0323868498235328,0.1531629258209868,2.6887,3.8994071302617037
20220817,0,-8.25,114.75,33.192,0.126,69.322,72.137,27.155,-108.347,2.832,0.977,1329.724,685.0,150.098,1.346,0.119,0.126,2.832,69.322,0.0754643079183205,0.3668291078018751,3.3192,4.3577105559247356
20220817,0,-8.25,115.5,34.772,0.032,68.607,71.939,26.435,-108.827,2.742,0.977,1329.724,307.0,153.813,1.389,0.118,0.032,2.742,68.607,0.0184458591755392,0.0840149682457351,3.4772,4.360693039183552
20220817,0,-8.25,116.25,35.075,0.091,67.911,71.741,25.736,-109.321,2.659,0.977,1329.724,,156.302,1.329,0.094,0.091,2.659,67.911,0.0505865580621599,0.243434319364147,3.5075000000000003,3.9749472613225003
20220817,0,-9.0,110.25,31.38,0.02,73.789,73.022,31.639,-107.351,3.582,0.977,1329.724,,94.4,0.89,0.057,0.02,3.582,73.789,0.0158545920312657,0.0711621635145192,3.138,3.3319489062968
20220817,0,-9.0,111.0,30.8,0.031,73.071,72.837,30.914,-107.728,3.434,0.977,1329.724,,91.324,0.869,0.049,0.031,3.434,73.071,0.0233622777419463,0.1084006314339552,3.08,3.1954273825599997
20220817,0,-9.0,111.75,29.52,0.05,72.373,72.654,30.21,-108.113,3.302,0.977,1329.724,,113.262,0.877,0.043,0.05,3.302,72.373,0.0359542782951405,0.1708575358265517,2.952,3.0822257867712
20220817,0,-9.0,112.5,28.175,0.02,71.657,72.462,29.489,-108.53,3.178,0.977,1329.724,,127.2,0.86,0.05,0.02,3.178,71.657,0.0137383729025111,0.0606656188836598,2.8175,3.1771823716875
20220817,0,-9.0,113.25,27.288,0.028,70.961,72.271,28.788,-108.956,3.065,0.977,1329.724,,137.316,0.9,0.066,0.028,3.065,70.961,0.0184222986358748,0.083898106880693,2.7288,3.422457828406784
20220817,0,-9.0,114.0,27.792,0.016,70.246,72.072,28.07,-109.417,2.959,0.977,1329.724,,130.062,1.052,0.09,0.016,2.959,70.246,0.010094841396275,0.0425935343109923,2.7792000000000003,3.81619816407296
20220817,0,-9.0,114.75,30.647,0.09,69.551,71.873,27.373,-109.891,2.862,0.977,1329.724,,127.804,1.175,0.108,0.09,2.862,69.551,0.0545820198520083,0.2632519943998689,3.0646999999999998,4.1466355091309115
20220817,0,-9.0,115.5,31.839,0.054,68.838,71.665,26.66,-110.405,2.77,0.977,1329.724,,132.018,1.268,0.111,0.054,2.77,68.838,0.0315050081143399,0.1487889502094233,3.1839,4.2109574115663255
20220817,0,-9.0,116.25,32.19,0.106,68.145,71.458,25.967,-110.933,2.686,0.977,1329.724,,139.413,1.298,0.098,0.106,2.686,68.145,0.0596325441818856,0.2883028283695047,3.219,4.0051778669788
20220817,3,-5.25,110.25,47.195,0.029,31.725,53.62,30.868,-100.293,1.176,0.977,1329.724,0.0,605.227,1.462,0.109,0.029,1.176,31.725,0.0064032819069858,0.0242832287238764,4.7195,4.32379748993485
20220817,3,-5.25,111.0,45.978,0.015,31.119,52.809,30.12,-100.526,1.168,0.977,1329.724,0.0,479.591,1.284,0.065,0.015,1.168,31.119,0.0032886373246724,0.008834447724171,4.5978,3.5973121340971597
20220817,3,-5.25,111.75,43.91,0.013,30.535,51.987,29.393,-100.765,1.161,0.977,1329.724,,634.08,1.094,0.063,0.013,1.161,30.535,0.002832419265507,0.0065715850771199,4.391,3.5510857348237996
20220817,3,-5.25,112.5,41.435,0.019,29.942,51.11,28.647,-101.024,1.154,0.977,1329.724,0.0,751.093,1.021,0.081,0.019,1.154,29.942,0.0041138747858279,0.0129276636508097,4.1435,3.8257627551798503
20220817,3,-5.25,113.25,40.639,0.018,29.372,50.222,27.921,-101.29,1.148,0.977,1329.724,,752.32,1.004,0.096,0.018,1.148,29.372,0.0038764092915877,0.0117498238303899,4.0639,4.063366010577736
20220817,3,-5.25,114.0,42.017,0.036,28.794,49.273,27.176,-101.579,1.141,0.977,1329.724,0.0,756.836,0.979,0.105,0.036,1.141,28.794,0.007704351172747,0.0307365923809467,4.201700000000001,4.22178491591537
20220817,3,-5.25,114.75,43.564,0.014,28.24,48.312,26.451,-101.877,1.135,0.977,1329.724,0.0,746.364,0.94,0.108,0.014,1.135,28.24,0.0029800034271748,0.0073036093361888,4.3564,4.282969934134528
20220817,3,-5.25,115.5,45.223,0.037,27.679,47.284,25.708,-102.201,1.129,0.977,1329.724,,596.996,0.913,0.108,0.037,1.129,27.679,0.0078332508836612,0.031375940901207,4.5222999999999995,4.294907889127072
20220817,3,-5.25,116.25,46.574,0.011,27.142,46.243,24.985,-102.535,1.124,0.977,1329.724,,536.693,0.934,0.104,0.011,1.124,27.142,0.0023182989234998,0.0040215244325556,4.6574,4.238314391685984
20220817,3,-6.0,110.25,46.58,0.04,32.169,52.671,30.99,-101.713,1.181,0.977,1329.724,0.0,666.613,1.629,0.147,0.04,1.181,32.169,0.0088715498118285,0.0365259515459437,4.6579999999999995,4.9411676144168
20220817,3,-6.0,111.0,45.326,0.078,31.571,51.847,30.246,-101.977,1.174,0.977,1329.724,0.0,595.591,1.595,0.079,0.078,1.174,31.571,0.0171921235312914,0.0777963815378023,4.5326,3.8219125606177844
20220817,3,-6.0,111.75,42.6,0.033,30.995,51.014,29.522,-102.247,1.167,0.977,1329.724,0.0,621.191,1.481,0.053,0.033,1.167,30.995,0.0072284393252182,0.0283760476339192,4.26,3.3784428548800003
20220817,3,-6.0,112.5,39.357,0.012,30.412,50.126,28.78,-102.54,1.16,0.977,1329.724,0.0,694.098,1.253,0.061,0.012,1.16,30.412,0.0026121707102538,0.0054791420693592,3.9356999999999998,3.4821093440441935
20220817,3,-6.0,113.25,38.363,0.01,29.85,49.229,28.058,-102.84,1.153,0.977,1329.724,0.0,691.467,1.156,0.083,0.01,1.153,29.85,0.0021632561528539,0.0032525051284278,3.8363,3.830753428092942
20220817,3,-6.0,114.0,39.726,0.01,29.282,48.271,27.317,-103.166,1.146,0.977,1329.724,0.0,672.996,1.098,0.095,0.01,1.146,29.282,0.0021497536759228,0.0031855322191441,3.9726,4.03886741168812
20220817,3,-6.0,114.75,41.189,0.01,28.737,47.301,26.597,-103.501,1.14,0.977,1329.724,0.0,674.453,1.0,0.095,0.01,1.14,28.737,0.0021381919361096,0.0031281854556116,4.1189,4.05184001709927
20220817,3,-6.0,115.5,42.387,0.009,28.186,46.267,25.859,-103.866,1.135,0.977,1329.724,0.0,680.96,0.896,0.092,0.009,1.135,28.186,0.0019156949711546,0.0020245902318716,4.2387,4.012817438267008
20220817,3,-6.0,116.25,43.389,0.01,27.659,45.221,25.141,-104.243,1.129,0.977,1329.724,,718.418,0.821,0.089,0.01,1.129,27.659,0.0021170875811492,0.0030235068801573,4.338900000000001,3.971616104080474
20220817,3,-6.75,110.25,38.279,0.015,32.634,51.724,31.131,-103.161,1.187,0.977,1329.724,0.0,681.156,1.633,0.137,0.015,1.187,32.634,0.0033445322759193,0.009111689264251,3.8279000000000005,4.708074009963882
20220817,3,-6.75,111.0,39.912,0.023,32.045,50.89,30.391,-103.455,1.18,0.977,1329.724,36.0,695.236,1.669,0.118,0.023,1.18,32.045,0.0050965114670604,0.0178015869796034,3.9912,4.415029311224832
20220817,3,-6.75,111.75,39.342,0.023,31.479,50.047,29.672,-103.756,1.173,0.977,1329.724,0.0,713.884,1.682,0.099,0.023,1.173,31.479,0.0050649462136617,0.017645021864686,3.9341999999999997,4.100398599175255
20220817,3,-6.75,112.5,36.465,0.011,30.904,49.149,28.934,-104.082,1.165,0.977,1329.724,0.0,723.449,1.549,0.07,0.011,1.165,30.904,0.0024052622057388,0.0044528663294625,3.6465000000000005,3.6004778189445004
20220817,3,-6.75,113.25,36.998,0.029,30.352,48.243,28.217,-104.416,1.159,0.977,1329.724,0.0,732.213,1.355,0.08,0.029,1.159,30.352,0.0063071672084756,0.0238064953795428,3.6997999999999998,3.7683932256667196
20220817,3,-6.75,114.0,39.92,0.151,29.793,47.277,27.481,-104.778,1.152,0.977,1329.724,0.0,583.751,1.306,0.096,0.151,1.152,29.793,0.0326362411363058,0.1543999182522059,3.992,4.0569244519423995
20220817,3,-6.75,114.75,41.635,0.009,29.257,46.302,26.767,-105.152,1.146,0.977,1329.724,0.0,581.689,1.21,0.102,0.009,1.146,29.257,0.0019347647064192,0.0021191769996518,4.1635,4.1696975191117005
20220817,3,-6.75,115.5,42.498,0.01,28.716,45.262,26.034,-105.557,1.14,0.977,1329.724,0.0,724.729,1.095,0.089,0.01,1.14,28.716,0.0021381810128218,0.0031281312755996,4.2498,3.9647736272775758
20220817,3,-6.75,116.25,44.062,0.008,28.199,44.212,25.321,-105.975,1.135,0.977,1329.724,,752.373,0.951,0.087,0.008,1.135,28.199,0.0017028445480581,0.000968842301342,4.4062,3.9439006848552878
20220817,3,-7.5,110.25,28.629,0.044,33.097,50.831,31.283,-104.558,1.194,0.977,1329.724,340.0,705.12,1.454,0.076,0.044,1.194,33.097,0.0098709999247116,0.0414832702723692,2.8629000000000002,3.6025036254471363
20220817,3,-7.5,111.0,30.387,0.022,32.517,49.986,30.548,-104.881,1.186,0.977,1329.724,158.0,618.507,1.562,0.075,0.022,1.186,32.517,0.0049008788880891,0.0168312403512602,3.0387,3.61013315104355
20220817,3,-7.5,111.75,32.555,0.016,31.958,49.135,29.834,-105.211,1.179,0.977,1329.724,152.0,692.32,1.65,0.092,0.016,1.179,31.958,0.00354224589233,0.0100923579344208,3.2555,3.9126658414368
20220817,3,-7.5,112.5,30.615,0.039,31.392,48.23,29.101,-105.568,1.171,0.977,1329.724,27.0,729.28,1.59,0.085,0.039,1.171,31.392,0.0085734157405015,0.035047192780775,3.0614999999999997,3.7746551641972497
20220817,3,-7.5,113.25,31.369,0.008,30.849,47.316,28.389,-105.934,1.165,0.977,1329.724,0.0,776.249,1.413,0.081,0.008,1.165,30.849,0.001749243353718,0.0011989825206653,3.1369,3.7197994981385865
20220817,3,-7.5,114.0,36.107,0.071,30.299,46.344,27.659,-106.331,1.158,0.977,1329.724,0.0,778.702,1.366,0.096,0.071,1.158,30.299,0.0154280700584462,0.0690465948274633,3.6107,4.018834272504584
20220817,3,-7.5,114.75,40.699,0.018,29.773,45.364,26.949,-106.739,1.152,0.977,1329.724,0.0,657.333,1.351,0.11,0.018,1.152,29.773,0.0038903881297091,0.0118191595131815,4.0699,4.29194608938506
20220817,3,-7.5,115.5,41.31,0.011,29.242,44.321,26.222,-107.182,1.146,0.977,1329.724,0.0,696.16,1.272,0.098,0.011,1.146,29.242,0.0023647024942729,0.0042516882870605,4.131,4.1017575543388
20220817,3,-7.5,116.25,43.031,0.01,28.734,43.268,25.516,-107.638,1.14,0.977,1329.724,,695.36,1.159,0.082,0.01,1.14,28.734,0.0021381903716382,0.0031281776957612,4.3031,3.8547157667132925
20220817,3,-8.25,110.25,28.963,0.01,33.582,49.941,31.456,-105.98,1.2,0.977,1329.724,0.0,681.564,1.021,0.044,0.01,1.2,33.582,0.002255326402512,0.0037091778196341,2.8963,3.091059011649056
20220817,3,-8.25,111.0,28.23,0.011,33.01,49.088,30.726,-106.331,1.192,0.977,1329.724,0.0,615.218,1.059,0.038,0.011,1.192,33.01,0.002463495152705,0.0047417044363068,2.823,2.9845576171492
20220817,3,-8.25,111.75,26.379,0.094,32.46,48.229,30.016,-106.69,1.185,0.977,1329.724,179.0,567.52,1.117,0.041,0.094,1.185,32.46,0.0209218416699419,0.0962959557883718,2.6379,3.007194192557626
20220817,3,-8.25,112.5,24.848,0.024,31.903,47.317,29.289,-107.077,1.178,0.977,1329.724,450.0,737.138,1.197,0.055,0.024,1.178,31.903,0.0053087227731773,0.0188541648603921,2.4848,3.2095768683251196
20220817,3,-8.25,113.25,25.697,0.019,31.369,46.397,28.583,-107.475,1.171,0.977,1329.724,5.0,751.342,1.293,0.081,0.019,1.171,31.369,0.0041767504583293,0.013239529890765,2.5697,3.6401336710486336
20220817,3,-8.25,114.0,29.883,0.125,30.829,45.42,27.859,-107.905,1.165,0.977,1329.724,520.0,764.942,1.32,0.105,0.125,1.165,30.829,0.0273317115968233,0.1280892067099386,2.9882999999999997,4.08773604339737
20220817,3,-8.25,114.75,35.07,0.09,30.311,44.436,27.155,-108.347,1.158,0.977,1329.724,685.0,722.933,1.345,0.119,0.09,1.158,30.311,0.0195567919477089,0.0895252461118208,3.507,4.3803997946926
20220817,3,-8.25,115.5,35.769,0.036,29.79,43.391,26.435,-108.827,1.152,0.977,1329.724,307.0,698.116,1.362,0.103,0.036,1.152,29.79,0.0077808182708303,0.0311158727196024,3.5768999999999997,4.128747538780519
20220817,3,-8.25,116.25,36.973,0.019,29.291,42.337,25.736,-109.321,1.147,0.977,1329.724,,721.067,1.289,0.079,0.019,1.147,29.291,0.0040881065389147,0.0127998519558353,3.6973,3.7518913557628863
20220817,3,-9.0,110.25,30.863,0.008,34.062,49.1,31.639,-107.351,1.207,0.977,1329.724,,704.267,0.808,0.055,0.008,1.207,34.062,0.00181533326207,0.0015267915189114,3.0863,3.29316452232007
20220817,3,-9.0,111.0,29.564,0.073,33.499,48.24,30.914,-107.728,1.199,0.977,1329.724,,720.444,0.8,0.054,0.073,1.199,33.499,0.0164493367139486,0.0741121246130286,2.9564,3.260304951395264
20220817,3,-9.0,111.75,27.84,0.013,32.957,47.375,30.21,-108.113,1.192,0.977,1329.724,,737.173,0.835,0.053,0.013,1.192,32.957,0.0029113169401859,0.0069629211879628,2.784,3.2209018956928
20220817,3,-9.0,112.5,26.666,0.008,32.409,46.457,29.489,-108.53,1.184,0.977,1329.724,,728.124,0.866,0.063,0.008,1.184,32.409,0.0017790327971326,0.0013467395360335,2.6666,3.3651936068248878
20220817,3,-9.0,113.25,27.223,0.012,31.883,45.533,28.788,-108.956,1.178,0.977,1329.724,,733.316,0.969,0.079,0.012,1.178,31.883,0.0026543361966075,0.0056882848293785,2.7222999999999997,3.6307873363888863
20220817,3,-9.0,114.0,29.73,0.022,31.352,44.553,28.07,-109.417,1.171,0.977,1329.724,,682.827,1.109,0.101,0.022,1.171,31.352,0.0048362017017477,0.0165104385194431,2.973,4.0210545028234
20220817,3,-9.0,114.75,32.81,0.055,30.844,43.566,27.373,-109.891,1.165,0.977,1329.724,,614.471,1.2,0.111,0.055,1.165,30.844,0.0120260242846863,0.0521722906425687,3.281,4.2233894829566
20220817,3,-9.0,115.5,33.162,0.047,30.331,42.519,26.66,-110.405,1.159,0.977,1329.724,,599.324,1.244,0.097,0.047,1.159,30.331,0.0102218837700883,0.0432236703534382,3.3162,4.001082830792328
20220817,3,-9.0,116.25,33.185,0.012,29.842,41.466,25.967,-110.933,1.153,0.977,1329.724,,723.947,1.269,0.079,0.012,1.153,29.842,0.0025959006914002,0.0053984420243018,3.3185000000000002,3.7098786266561503
20220817,6,-5.25,110.25,45.405,0.02,26.687,314.566,30.868,-100.293,1.119,0.977,1329.724,0.0,631.822,1.423,0.075,0.02,1.119,26.687,0.0041961067528072,0.0133355380054799,4.5405,3.75708632949875
20220817,6,-5.25,111.0,44.106,0.054,27.232,313.462,30.12,-100.526,1.125,0.977,1329.724,0.0,717.618,1.261,0.064,0.054,1.125,27.232,0.011391008162274,0.0490225813427862,4.4106000000000005,3.5687735799915843
20220817,6,-5.25,111.75,42.811,0.027,27.771,312.43,29.393,-100.765,1.13,0.977,1329.724,,662.969,1.116,0.076,0.027,1.13,27.771,0.0057213112045864,0.0209006225384354,4.2811,3.7551711853748158
20220817,6,-5.25,112.5,41.811,0.01,28.334,311.412,28.647,-101.024,1.136,0.977,1329.724,0.0,624.498,1.041,0.095,0.01,1.136,28.334,0.0021304919386453,0.003089993112511,4.1811,4.05706081141927
20220817,6,-5.25,113.25,42.45,0.01,28.891,310.459,27.921,-101.29,1.142,0.977,1329.724,,763.538,1.017,0.102,0.01,1.142,28.891,0.0021420253988237,0.0031471996077486,4.245,4.17639545873
20220817,6,-5.25,114.0,44.497,0.011,29.471,309.518,27.176,-101.579,1.149,0.977,1329.724,0.0,830.809,0.974,0.107,0.011,1.149,29.471,0.0023710488358618,0.0042831664344912,4.4497,4.273512694824398
20220817,6,-5.25,114.75,46.606,0.012,30.043,308.638,26.451,-101.877,1.155,0.977,1329.724,0.0,791.164,0.921,0.107,0.012,1.155,30.043,0.0026005756210408,0.0054216298912632,4.6606000000000005,4.287545566755992
20220817,6,-5.25,115.5,47.911,0.013,30.638,307.768,25.708,-102.201,1.162,0.977,1329.724,,699.022,0.897,0.104,0.013,1.162,30.638,0.0028349687260426,0.006584230519141,4.7911,4.246139517419864
20220817,6,-5.25,116.25,48.02,0.05,31.223,306.954,24.985,-102.535,1.169,0.977,1329.724,,642.756,0.909,0.096,0.05,1.169,31.223,0.0109719885743841,0.0469442248315307,4.8020000000000005,4.1158983733664005
20220817,6,-6.0,110.25,44.983,0.012,27.211,315.594,30.99,-101.713,1.124,0.977,1329.724,0.0,781.333,1.652,0.108,0.012,1.124,27.211,0.0025290775539139,0.0050669961756804,4.4982999999999995,4.2932593552851515
20220817,6,-6.0,111.0,43.829,0.011,27.746,314.486,30.246,-101.977,1.13,0.977,1329.724,0.0,845.529,1.597,0.079,0.011,1.13,27.746,0.0023308942344441,0.004083997756641,4.3829,3.8116529897250944
20220817,6,-6.0,111.75,41.577,0.018,28.275,313.448,29.522,-102.247,1.135,0.977,1329.724,0.0,811.396,1.461,0.073,0.018,1.135,28.275,0.0038314612781143,0.0115268796073265,4.1577,3.6965427171854817
20220817,6,-6.0,112.5,39.725,0.013,28.829,312.422,28.78,-102.54,1.141,0.977,1329.724,0.0,816.818,1.25,0.079,0.013,1.141,28.829,0.002782151074748,0.0063222525289708,3.9725,3.7783990433837493
20220817,6,-6.0,113.25,40.288,0.01,29.376,311.461,28.058,-102.84,1.148,0.977,1329.724,0.0,773.298,1.162,0.092,0.01,1.148,29.376,0.0021535632035263,0.0032044276520269,4.0287999999999995,3.995110724292608
20220817,6,-6.0,114.0,42.209,0.01,29.947,310.511,27.317,-103.166,1.154,0.977,1329.724,0.0,828.107,1.088,0.097,0.01,1.154,29.947,0.0021652008210099,0.0032621507723095,4.2209,4.092919889506522
20220817,6,-6.0,114.75,43.999,0.013,30.51,309.621,26.597,-103.501,1.161,0.977,1329.724,0.0,787.004,0.974,0.092,0.013,1.161,30.51,0.0028323929665444,0.0065714546330506,4.399900000000001,4.025061761397632
20220817,6,-6.0,115.5,44.856,0.015,31.096,308.74,25.859,-103.866,1.168,0.977,1329.724,0.0,793.6,0.87,0.087,0.015,1.168,31.096,0.0032886059481158,0.0088342920950009,4.4856,3.949441094607872
20220817,6,-6.0,116.25,44.92,0.016,31.673,307.915,25.141,-104.243,1.175,0.977,1329.724,,773.884,0.803,0.086,0.016,1.175,31.673,0.0035297567078689,0.0100304110025942,4.492,3.9335445113983996
20220817,6,-6.75,110.25,38.741,0.012,27.759,316.607,31.131,-103.161,1.13,0.977,1329.724,0.0,821.404,1.669,0.135,0.012,1.13,27.759,0.0025427995571321,0.0051350579454884,3.8741,4.68027697847951
20220817,6,-6.75,111.0,40.36,0.021,28.283,315.496,30.391,-103.455,1.136,0.977,1329.724,36.0,853.991,1.686,0.122,0.021,1.136,28.283,0.004473984123344,0.0147138225990333,4.036,4.4843252183552
20220817,6,-6.75,111.75,38.981,0.02,28.803,314.454,29.672,-103.756,1.141,0.977,1329.724,0.0,866.276,1.658,0.1,0.02,1.141,28.803,0.0042802046594654,0.0137526675071489,3.8981000000000003,4.113238349347601
20220817,6,-6.75,112.5,37.631,0.014,29.346,313.423,28.934,-104.082,1.147,0.977,1329.724,0.0,798.507,1.512,0.092,0.014,1.147,29.346,0.0030123361914961,0.0074639813407351,3.7631,3.9698362992587515
20220817,6,-6.75,113.25,40.03,0.012,29.884,312.455,28.217,-104.416,1.153,0.977,1329.724,0.0,762.827,1.339,0.089,0.012,1.153,29.884,0.0025959359579564,0.0053986169480496,4.003,3.9439502276546
20220817,6,-6.75,114.0,42.67,0.01,30.445,311.497,27.481,-104.778,1.16,0.977,1329.724,0.0,776.604,1.268,0.096,0.01,1.16,30.445,0.0021768351093501,0.0033198573798871,4.267,4.080291849402401
20220817,6,-6.75,114.75,43.985,0.027,31.0,310.598,26.767,-105.152,1.167,0.977,1329.724,0.0,834.151,1.167,0.095,0.027,1.167,31.0,0.0059141896530507,0.0218573085522453,4.3985,4.07392780024575
20220817,6,-6.75,115.5,45.09,0.01,31.577,309.707,26.034,-105.557,1.174,0.977,1329.724,0.0,817.547,1.043,0.082,0.01,1.174,31.577,0.0022041243535486,0.0034552132916544,4.509,3.8693583715931994
20220817,6,-6.75,116.25,45.883,0.009,32.145,308.872,25.321,-105.975,1.181,0.977,1329.724,,744.409,0.926,0.081,0.009,1.181,32.145,0.0019960749976953,0.0024232788764217,4.5883,3.8581526262215142
20220817,6,-7.5,110.25,29.54,0.015,28.301,317.553,31.283,-104.558,1.136,0.977,1329.724,340.0,742.72,1.506,0.074,0.015,1.136,28.301,0.003195715220151,0.0083735497934939,2.9539999999999997,3.5827245563664
20220817,6,-7.5,111.0,31.586,0.02,28.815,316.442,30.548,-104.881,1.141,0.977,1329.724,158.0,806.133,1.592,0.081,0.02,1.141,28.815,0.0042802174482675,0.013752730940198,3.1586,3.722561653994696
20220817,6,-7.5,111.75,34.014,0.022,29.325,315.397,29.834,-105.211,1.147,0.977,1329.724,152.0,749.333,1.66,0.11,0.022,1.147,29.325,0.0047336427409035,0.01600174133626,3.4014,4.22199371605576
20220817,6,-7.5,112.5,33.047,0.08,29.859,314.362,29.101,-105.568,1.153,0.977,1329.724,27.0,872.124,1.642,0.129,0.08,1.153,29.859,0.017306099508293,0.0783617076485001,3.3046999999999995,4.517806085450906
20220817,6,-7.5,113.25,35.127,0.012,30.388,313.389,28.389,-105.934,1.159,0.977,1329.724,0.0,855.68,1.452,0.103,0.012,1.159,30.388,0.0026098961380079,0.0054678600859526,3.5127,4.121524447596102
20220817,6,-7.5,114.0,39.377,0.008,30.94,312.424,27.659,-106.331,1.166,0.977,1329.724,0.0,806.791,1.361,0.101,0.008,1.166,30.94,0.0017508084055136,0.0012067452498642,3.9377000000000004,4.133277455921633
20220817,6,-7.5,114.75,42.409,0.008,31.486,311.518,26.949,-106.739,1.173,0.977,1329.724,0.0,767.271,1.31,0.1,0.008,1.173,31.486,0.0017617258866687,0.001260896460693,4.2409,4.143451109619599
20220817,6,-7.5,115.5,42.993,0.015,32.054,310.619,26.222,-107.182,1.18,0.977,1329.724,0.0,813.298,1.209,0.088,0.015,1.18,32.054,0.0033238263823091,0.0090089870754993,4.299300000000001,3.9523061503817525
20220817,6,-7.5,116.25,45.237,0.011,32.614,309.774,25.516,-107.638,1.187,0.977,1329.724,,794.56,1.08,0.073,0.011,1.187,32.614,0.0024526309301724,0.0046878173907058,4.5237,3.723329315877402
20220817,6,-8.25,110.25,28.274,0.008,28.866,318.487,31.456,-105.98,1.142,0.977,1329.724,0.0,667.556,0.999,0.043,0.008,1.142,28.866,0.0017136094452145,0.0010222366884891,2.8274,3.0657257788839276
20220817,6,-8.25,111.0,28.092,0.033,29.37,317.375,30.726,-106.331,1.147,0.977,1329.724,0.0,754.702,1.063,0.042,0.033,1.147,29.37,0.0071005557235369,0.0277417390623902,2.8091999999999997,3.0471477738980477
20220817,6,-8.25,111.75,26.924,0.089,29.871,316.329,30.016,-106.69,1.153,0.977,1329.724,179.0,700.676,1.142,0.051,0.089,1.153,29.871,0.0192531104677191,0.088018971943439,2.6924,3.175833161585696
20220817,6,-8.25,112.5,27.061,0.019,30.395,315.29,29.289,-107.077,1.159,0.977,1329.724,450.0,802.56,1.256,0.08,0.019,1.159,30.395,0.0041323460172398,0.0130192818118345,2.7061,3.6445111893462805
20220817,6,-8.25,113.25,29.729,0.023,30.915,314.313,28.583,-107.475,1.166,0.977,1329.724,5.0,746.382,1.329,0.116,0.023,1.166,30.915,0.0050335236578047,0.017489164536167,2.9729,4.263138665171376
20220817,6,-8.25,114.0,32.93,0.123,31.457,313.344,27.859,-107.905,1.172,0.977,1329.724,520.0,706.08,1.334,0.113,0.123,1.172,31.457,0.0270630967148827,0.1267568644876746,3.293,4.257275317600199
20220817,6,-8.25,114.75,36.926,0.063,31.994,312.431,27.155,-108.347,1.179,0.977,1329.724,685.0,739.662,1.337,0.104,0.063,1.179,31.994,0.0139478346717604,0.0617045589345788,3.6926,4.157532806853984
20220817,6,-8.25,115.5,37.381,0.011,32.553,311.525,26.435,-108.827,1.186,0.977,1329.724,307.0,736.996,1.314,0.089,0.011,1.186,32.553,0.0024504857130894,0.0046771770148824,3.7381,3.918541592013434
20220817,6,-8.25,116.25,40.002,0.14,33.105,310.673,25.736,-109.321,1.194,0.977,1329.724,,810.56,1.234,0.07,0.14,1.194,33.105,0.0314078701271917,0.1483071413061776,4.0002,3.63434358851688
20220817,6,-9.0,110.25,29.188,0.007,29.424,319.359,31.639,-107.351,1.148,0.977,1329.724,,863.662,0.776,0.054,0.007,1.148,29.424,0.0015075152579964,0.0,2.9188,3.255334185685696
20220817,6,-9.0,111.0,27.432,0.071,29.918,318.248,30.914,-107.728,1.154,0.977,1329.724,,859.644,0.795,0.057,0.071,1.154,29.918,0.0153727793957857,0.068772350586685,2.7432,3.2796106893217276
20220817,6,-9.0,111.75,26.391,0.009,30.41,317.202,30.21,-108.113,1.16,0.977,1329.724,,870.4,0.852,0.062,0.009,1.16,30.41,0.0019591266094964,0.0022400131642379,2.6391,3.3450917855110114
20220817,6,-9.0,112.5,27.118,0.009,30.925,316.162,29.489,-108.53,1.166,0.977,1329.724,,829.564,0.937,0.073,0.009,1.166,30.925,0.0019696475867617,0.002292197697458,2.7117999999999998,3.5326808610451916
20220817,6,-9.0,113.25,30.219,0.008,31.436,315.182,28.788,-108.956,1.172,0.977,1329.724,,795.644,1.056,0.09,0.008,1.172,31.436,0.0017601851339837,0.0012532542562051,3.0219,3.85014057342854
20220817,6,-9.0,114.0,33.247,0.011,31.969,314.208,28.07,-109.417,1.179,0.977,1329.724,,783.218,1.161,0.103,0.011,1.179,31.969,0.002435306907739,0.0046018894392061,3.3247,4.099286176861542
20220817,6,-9.0,114.75,35.268,0.01,32.497,313.291,27.373,-109.891,1.186,0.977,1329.724,,787.556,1.231,0.104,0.01,1.186,32.497,0.0022276489521743,0.0035718963874844,3.5268,4.139350082425216
20220817,6,-9.0,115.5,35.391,0.008,33.048,312.379,26.66,-110.405,1.193,0.977,1329.724,,700.604,1.238,0.086,0.008,1.193,33.048,0.0017931742982146,0.0014168820346234,3.5391,3.8486970231244357
20220817,6,-9.0,116.25,35.981,0.009,33.592,311.52,25.967,-110.933,1.2,0.977,1329.724,,767.307,1.252,0.072,0.009,1.2,33.592,0.002029806121038,0.002590586806307,3.5981,3.627879271059032
20220817,9,-5.25,110.25,44.496,0.077,66.406,287.075,30.868,-100.293,2.498,0.977,1329.724,0.0,401.6,1.385,0.07,0.077,2.498,66.406,0.0397676912125642,0.1897722400458592,4.4496,3.6694041207475205
20220817,9,-5.25,111.0,42.671,0.025,67.129,286.91,30.12,-100.526,2.573,0.977,1329.724,0.0,381.44,1.243,0.067,0.025,2.573,67.129,0.0133685807444957,0.0588314326984915,4.2671,3.607311756533662
20220817,9,-5.25,111.75,40.867,0.025,67.835,286.754,29.393,-100.765,2.651,0.977,1329.724,,351.022,1.116,0.077,0.025,2.651,67.835,0.0138474347096308,0.0612065704847484,4.0866999999999996,3.755824343989538
20220817,9,-5.25,112.5,41.084,0.023,68.56,286.597,28.647,-101.024,2.736,0.977,1329.724,0.0,384.356,1.069,0.091,0.023,2.736,68.56,0.0132238901522724,0.0581137606775269,4.1084000000000005,3.9857667426276153
20220817,9,-5.25,113.25,43.066,0.012,69.266,286.448,27.921,-101.29,2.825,0.977,1329.724,,361.636,1.028,0.095,0.012,2.825,69.266,0.0071658777214396,0.0280657391893364,4.3066,4.0670596938417205
20220817,9,-5.25,114.0,45.681,0.065,69.992,286.299,27.176,-101.579,2.923,0.977,1329.724,0.0,360.018,0.967,0.099,0.065,2.923,69.992,0.0404180469217722,0.1929980344047134,4.568099999999999,4.150944597512894
20220817,9,-5.25,114.75,47.511,0.038,70.7,286.158,26.451,-101.877,3.026,0.977,1329.724,0.0,339.413,0.914,0.096,0.038,3.026,70.7,0.0246220271689958,0.1146490467823726,4.7511,4.113071051886536
20220817,9,-5.25,115.5,48.306,0.023,71.427,286.016,25.708,-102.201,3.14,0.977,1329.724,,335.964,0.886,0.093,0.023,3.14,71.427,0.0155740443357237,0.0697706339855926,4.8306,4.068363144890408
20220817,9,-5.25,116.25,47.738,0.022,72.136,285.882,24.985,-102.535,3.26,0.977,1329.724,,309.209,0.89,0.09,0.022,3.26,72.136,0.0155792811558119,0.0697966088551289,4.7738,4.0162265093861595
20220817,9,-6.0,110.25,43.97,0.029,66.625,287.382,30.99,-101.713,2.52,0.977,1329.724,0.0,431.431,1.637,0.088,0.029,2.52,66.625,0.0151327655579367,0.0675818708642526,4.397,3.9595626752632
20220817,9,-6.0,111.0,42.558,0.031,67.347,287.207,30.246,-101.977,2.596,0.977,1329.724,0.0,385.902,1.561,0.075,0.031,2.596,67.347,0.016752307542816,0.0756148739190169,4.2558,3.7369222645238
20220817,9,-6.0,111.75,40.054,0.021,68.05,287.041,29.522,-102.247,2.675,0.977,1329.724,0.0,393.156,1.391,0.069,0.021,2.675,68.05,0.0117568184665408,0.0508370173494319,4.0054,3.618517865406184
20220817,9,-6.0,112.5,39.132,0.016,68.773,286.874,28.78,-102.54,2.762,0.977,1329.724,0.0,377.6,1.238,0.073,0.016,2.762,68.773,0.0093028569705002,0.0386652549758636,3.9132,3.6753414945001914
20220817,9,-6.0,113.25,40.345,0.015,69.477,286.715,28.058,-102.84,2.852,0.977,1329.724,0.0,353.387,1.139,0.082,0.015,2.852,69.477,0.0090593891493338,0.0374576433366307,4.0344999999999995,3.8327615397723003
20220817,9,-6.0,114.0,43.22,0.041,70.202,286.556,27.317,-103.166,2.952,0.977,1329.724,0.0,328.462,1.072,0.086,0.041,2.952,70.202,0.0257964513812739,0.1204742451241878,4.322,3.9214000006704
20220817,9,-6.0,114.75,45.343,0.016,70.907,286.405,26.597,-103.501,3.057,0.977,1329.724,0.0,316.089,0.967,0.086,0.016,3.057,70.907,0.0104940886086332,0.0445738189262865,4.5343,3.936364434988244
20220817,9,-6.0,115.5,45.835,0.033,71.633,286.254,25.859,-103.866,3.174,0.977,1329.724,0.0,273.564,0.861,0.083,0.033,3.174,71.633,0.0226342611693902,0.1047896356055895,4.5835,3.890527438777551
20220817,9,-6.0,116.25,45.142,0.021,72.34,286.11,25.141,-104.243,3.296,0.977,1329.724,,335.307,0.814,0.082,0.021,3.296,72.34,0.0150680180018728,0.0672607199953614,4.514200000000001,3.8697036002122083
20220817,9,-6.75,110.25,40.683,0.027,66.854,287.693,31.131,-103.161,2.544,0.977,1329.724,0.0,345.564,1.677,0.141,0.027,2.544,66.854,0.0142467071432361,0.0631869801985932,4.0683,4.796772782525954
20220817,9,-6.75,111.0,41.242,0.026,67.573,287.508,30.391,-103.455,2.621,0.977,1329.724,36.0,392.853,1.679,0.123,0.026,2.621,67.573,0.0142098077730988,0.0630039576182593,4.1242,4.508560993583512
20220817,9,-6.75,111.75,40.046,0.035,68.274,287.332,29.672,-103.756,2.702,0.977,1329.724,0.0,360.302,1.63,0.111,0.035,2.702,68.274,0.0198275579273564,0.0908682578780744,4.0046,4.302305009053496
20220817,9,-6.75,112.5,39.037,0.024,68.995,287.155,28.934,-104.082,2.79,0.977,1329.724,0.0,369.564,1.515,0.099,0.024,2.79,68.995,0.0141217858471214,0.0625673647995091,3.9036999999999997,4.097504266702126
20220817,9,-6.75,113.25,41.683,0.019,69.698,286.986,28.217,-104.416,2.882,0.977,1329.724,0.0,351.147,1.325,0.085,0.019,2.882,69.698,0.0116183464285073,0.0501501896444957,4.1683,3.8930013278454902
20220817,9,-6.75,114.0,43.761,0.035,70.42,286.817,27.481,-104.778,2.984,0.977,1329.724,0.0,359.076,1.224,0.084,0.035,2.984,70.42,0.0223047911172643,0.1031554489281889,4.3761,3.8927650581753444
20220817,9,-6.75,114.75,45.402,0.12,71.124,286.656,26.767,-105.152,3.091,0.977,1329.724,0.0,345.938,1.137,0.083,0.12,3.091,71.124,0.0797486393629939,0.3880795896689747,4.5402000000000005,3.8877465306724717
20220817,9,-6.75,115.5,46.767,0.015,71.847,286.495,26.034,-105.557,3.21,0.977,1329.724,0.0,328.924,1.019,0.075,0.015,3.21,71.847,0.0104278157414301,0.0442451024436878,4.6767,3.7654598474775502
20220817,9,-6.75,116.25,46.849,0.016,72.552,286.341,25.321,-105.975,3.335,0.977,1329.724,,314.258,0.912,0.074,0.016,3.335,72.552,0.011642892402314,0.0502719388084027,4.6849,3.749591025033404
20220817,9,-7.5,110.25,31.646,0.018,67.081,287.993,31.283,-104.558,2.568,0.977,1329.724,340.0,334.844,1.509,0.093,0.018,2.568,67.081,0.0096032820610857,0.0401553773023811,3.1646,3.917366770009448
20220817,9,-7.5,111.0,33.658,0.042,67.798,287.797,30.548,-104.881,2.646,0.977,1329.724,158.0,352.818,1.596,0.098,0.042,2.646,67.798,0.0232131811885504,0.1076611056420546,3.3658,4.023283749712112
20220817,9,-7.5,111.75,36.878,0.03,68.497,287.611,29.834,-105.211,2.728,0.977,1329.724,152.0,286.187,1.678,0.145,0.03,2.728,68.497,0.0171893342113256,0.0777825463819279,3.6878,4.82304152991028
20220817,9,-7.5,112.5,36.517,0.031,69.215,287.424,29.101,-105.568,2.818,0.977,1329.724,27.0,348.231,1.664,0.172,0.031,2.818,69.215,0.0184579544776083,0.0840749615027031,3.6517000000000004,5.257462484619167
20220817,9,-7.5,113.25,39.488,0.019,69.916,287.246,28.389,-105.934,2.912,0.977,1329.724,0.0,366.88,1.469,0.122,0.019,2.912,69.916,0.011762023696352,0.0508628355297351,3.9488,4.476116920009728
20220817,9,-7.5,114.0,41.763,0.016,70.636,287.067,27.659,-106.331,3.016,0.977,1329.724,0.0,328.996,1.347,0.1,0.016,3.016,70.636,0.0103266620902786,0.0437433756614944,4.1762999999999995,4.1381680472004
20220817,9,-7.5,114.75,43.867,0.016,71.337,286.897,26.949,-106.739,3.125,0.977,1329.724,0.0,355.858,1.248,0.085,0.016,3.125,71.337,0.010772696625138,0.0459557275575911,4.386699999999999,3.9098538919374897
20220817,9,-7.5,115.5,44.806,0.015,72.059,286.726,26.222,-107.182,3.246,0.977,1329.724,0.0,344.64,1.144,0.076,0.015,3.246,72.059,0.0105680536159739,0.0449406887792825,4.4806,3.769472682886656
20220817,9,-7.5,116.25,47.419,0.014,72.761,286.562,25.516,-107.638,3.374,0.977,1329.724,,303.893,1.04,0.068,0.014,3.374,72.761,0.0103303690851298,0.0437617625271896,4.741899999999999,3.6547198305954076
20220817,9,-8.25,110.25,28.793,0.017,67.317,288.296,31.456,-105.98,2.593,0.977,1329.724,0.0,416.907,0.952,0.05,0.017,2.593,67.317,0.0091740767517228,0.0380264991421214,2.8792999999999997,3.1855491661707003
20220817,9,-8.25,111.0,28.968,0.019,68.032,288.091,30.726,-106.331,2.673,0.977,1329.724,0.0,353.156,1.061,0.051,0.019,2.673,68.032,0.0106276685517728,0.0452363816145737,2.8968,3.204015688527104
20220817,9,-8.25,111.75,28.828,0.127,68.728,287.895,30.016,-106.69,2.756,0.977,1329.724,179.0,335.876,1.164,0.063,0.127,2.756,68.728,0.0736537173705872,0.357848495050454,2.8828,3.395641253916832
20220817,9,-8.25,112.5,30.089,0.032,69.444,287.698,29.289,-107.077,2.848,0.977,1329.724,450.0,273.28,1.294,0.094,0.032,2.848,69.444,0.0192940769666261,0.0882221676703392,3.0088999999999997,3.912972915055204
20220817,9,-8.25,113.25,33.964,0.026,70.143,287.51,28.583,-107.475,2.944,0.977,1329.724,5.0,307.964,1.374,0.124,0.026,2.944,70.143,0.0163056232185311,0.0733992990373547,3.3964,4.448261096381184
20220817,9,-8.25,114.0,36.197,0.171,70.86,287.321,27.859,-107.905,3.05,0.977,1329.724,520.0,213.653,1.356,0.115,0.171,3.05,70.86,0.1118482735339011,0.5472952579005894,3.6197000000000004,4.32828392367211
20220817,9,-8.25,114.75,39.173,0.087,71.56,287.141,27.155,-108.347,3.161,0.977,1329.724,685.0,335.076,1.286,0.095,0.087,3.161,71.56,0.0593838189308832,0.2870691396354345,3.9173,4.03371067555623
20220817,9,-8.25,115.5,40.525,0.015,72.279,286.96,26.435,-108.827,3.285,0.977,1329.724,307.0,328.889,1.247,0.084,0.015,3.285,72.279,0.0107199528845337,0.0456941161678588,4.0525,3.8669089783899997
20220817,9,-8.25,116.25,44.345,0.022,72.98,286.787,25.736,-109.321,3.416,0.977,1329.724,,309.476,1.206,0.08,0.022,3.416,72.98,0.0164757987667595,0.0742433776173038,4.4345,3.831627982137
20220817,9,-9.0,110.25,26.552,0.016,67.551,288.588,31.639,-107.351,2.619,0.977,1329.724,,435.573,0.763,0.058,0.016,2.619,67.551,0.008736366012316,0.0358554336559617,2.6552,3.283105749340672
20220817,9,-9.0,111.0,25.673,0.028,68.263,288.373,30.914,-107.728,2.7,0.977,1329.724,,422.56,0.807,0.062,0.028,2.7,68.263,0.0158489168507947,0.0711340143572356,2.5673,3.334453923267108
20220817,9,-9.0,111.75,27.177,0.015,68.957,288.167,30.21,-108.113,2.785,0.977,1329.724,,410.933,0.907,0.07,0.015,2.785,68.957,0.0088074980475051,0.0362082518362253,2.7177,3.4852488546433795
20220817,9,-9.0,112.5,30.201,0.017,69.671,287.96,29.489,-108.53,2.878,0.977,1329.724,,389.938,1.014,0.082,0.017,2.878,69.671,0.0103784689218298,0.0440003399390457,3.0201000000000002,3.7207181189049723
20220817,9,-9.0,113.25,34.402,0.016,70.367,287.763,28.788,-108.956,2.976,0.977,1329.724,,348.64,1.131,0.091,0.016,2.976,70.367,0.0101641494632004,0.0429373055244154,3.4402,3.918607373229144
20220817,9,-9.0,114.0,36.48,0.023,71.082,287.564,28.07,-109.417,3.084,0.977,1329.724,,316.124,1.177,0.095,0.023,3.084,71.082,0.0152442910593052,0.068135042502618,3.6479999999999997,4.006612944448
20220817,9,-9.0,114.75,37.287,0.023,71.779,287.375,27.373,-109.891,3.198,0.977,1329.724,,300.516,1.231,0.093,0.023,3.198,71.779,0.0159183955664608,0.0714786319962951,3.7287,3.982579864566482
20220817,9,-9.0,115.5,38.134,0.023,72.496,287.184,26.66,-110.405,3.325,0.977,1329.724,,277.493,1.206,0.083,0.023,3.325,72.496,0.0166763115891201,0.0752379304782858,3.8134,3.8285263139556083
20220817,9,-9.0,116.25,40.207,0.018,73.195,287.002,25.967,-110.933,3.459,0.977,1329.724,,256.658,1.201,0.086,0.018,3.459,73.195,0.0136833041362484,0.0603924752592644,4.0207,3.8966827960794435
20220817,12,-5.25,110.25,44.2,,109.883,282.293,30.868,-100.293,,0.977,1329.724,0.0,0.0,1.387,0.07,,,109.883,,,4.42,3.6673691807999997
20220817,12,-5.25,111.0,41.944,,110.623,282.283,30.12,-100.526,,0.977,1329.724,0.0,0.0,1.244,0.071,,,110.623,,,4.1944,3.6668911714933756
20220817,12,-5.25,111.75,40.223,,111.343,282.275,29.393,-100.765,,0.977,1329.724,,0.0,1.124,0.075,,,111.343,,,4.0222999999999995,3.7176976749255504
20220817,12,-5.25,112.5,40.42,,112.082,282.269,28.647,-101.024,,0.977,1329.724,0.0,0.0,1.052,0.077,,,112.082,,,4.042,3.7519860721687994
20220817,12,-5.25,113.25,43.085,,112.802,282.266,27.921,-101.29,,0.977,1329.724,,0.0,1.005,0.083,,,112.802,,,4.3085,3.8714379877375498
20220817,12,-5.25,114.0,45.963,,113.542,282.265,27.176,-101.579,,0.977,1329.724,0.0,0.0,0.946,0.086,,,113.542,,,4.5963,3.9403522587045634
20220817,12,-5.25,114.75,46.993,,114.262,282.267,26.451,-101.877,,0.977,1329.724,0.0,0.0,0.893,0.084,,,114.262,,,4.6993,3.913899528455536
20220817,12,-5.25,115.5,46.954,,115.002,282.271,25.708,-102.201,,0.977,1329.724,,0.0,0.856,0.082,,,115.002,,,4.6954,3.880977495491952
20220817,12,-5.25,116.25,46.12,,115.722,282.277,24.985,-102.535,,0.977,1329.724,,0.0,0.856,0.08,,,115.722,,,4.612,3.8432892993920005
20220817,12,-6.0,110.25,44.249,,110.039,282.03,30.99,-101.713,,0.977,1329.724,0.0,0.0,1.609,0.099,,,110.039,,,4.4249,4.141129239597854
20220817,12,-6.0,111.0,41.809,,110.779,282.01,30.246,-101.977,,0.977,1329.724,0.0,0.0,1.53,0.087,,,110.779,,,4.180899999999999,3.926634324501862
20220817,12,-6.0,111.75,38.129,,111.498,281.991,29.522,-102.247,,0.977,1329.724,0.0,0.0,1.387,0.073,,,111.498,,,3.8129,3.6658780555615778
20220817,12,-6.0,112.5,37.69,,112.238,281.975,28.78,-102.54,,0.977,1329.724,0.0,0.0,1.226,0.067,,,112.238,,,3.7689999999999997,3.5640684902502
20220817,12,-6.0,113.25,39.46,,112.958,281.961,28.058,-102.84,,0.977,1329.724,0.0,0.0,1.108,0.069,,,112.958,,,3.946,3.6132368100183996
20220817,12,-6.0,114.0,41.848,,113.697,281.949,27.317,-103.166,,0.977,1329.724,0.0,0.0,1.034,0.07,,,113.697,,,4.1848,3.6498246189388794
20220817,12,-6.0,114.75,43.204,,114.417,281.94,26.597,-103.501,,0.977,1329.724,0.0,0.0,0.939,0.068,,,114.417,,,4.3204,3.627607557352448
20220817,12,-6.0,115.5,43.327,,115.157,281.932,25.859,-103.866,,0.977,1329.724,0.0,0.0,0.859,0.068,,,115.157,,,4.3327,3.6285096004313115
20220817,12,-6.0,116.25,43.036,,115.877,281.928,25.141,-104.243,,0.977,1329.724,,0.0,0.822,0.074,,,115.877,,,4.3036,3.724245684056384
20220817,12,-6.75,110.25,42.001,,110.196,281.758,31.131,-103.161,,0.977,1329.724,0.0,0.0,1.627,0.143,,,110.196,,,4.2001,4.841174827502678
20220817,12,-6.75,111.0,41.254,,110.935,281.726,30.391,-103.455,,0.977,1329.724,36.0,0.0,1.642,0.129,,,110.935,,,4.1254,4.606439391052744
20220817,12,-6.75,111.75,39.37,,111.654,281.697,29.672,-103.756,,0.977,1329.724,0.0,0.0,1.641,0.122,,,111.654,,,3.937,4.474978829562801
20220817,12,-6.75,112.5,38.717,,112.394,281.67,28.934,-104.082,,0.977,1329.724,0.0,0.0,1.522,0.101,,,112.394,,,3.8716999999999997,4.126955959735794
20220817,12,-6.75,113.25,41.655,,113.113,281.645,28.217,-104.416,,0.977,1329.724,0.0,0.0,1.304,0.077,,,113.113,,,4.1655,3.76237410442405
20220817,12,-6.75,114.0,42.475,,113.852,281.621,27.481,-104.778,,0.977,1329.724,0.0,0.0,1.191,0.067,,,113.852,,,4.2475000000000005,3.60581650048875
20220817,12,-6.75,114.75,43.696,,114.572,281.601,26.767,-105.152,,0.977,1329.724,0.0,0.0,1.074,0.063,,,114.572,,,4.3696,3.549576927655168
20220817,12,-6.75,115.5,44.309,,115.312,281.582,26.034,-105.557,,0.977,1329.724,0.0,0.0,0.986,0.06,,,115.312,,,4.430899999999999,3.50486915634656
20220817,12,-6.75,116.25,44.12,,116.031,281.566,25.321,-105.975,,0.977,1329.724,,0.0,0.916,0.065,,,116.031,,,4.412,3.585194187456
20220817,12,-7.5,110.25,32.428,,110.345,281.49,31.283,-104.558,,0.977,1329.724,340.0,0.0,1.386,0.094,,,110.345,,,3.2428,3.9434505835148155
20220817,12,-7.5,111.0,34.36,,111.084,281.448,30.548,-104.881,,0.977,1329.724,158.0,0.0,1.531,0.107,,,111.084,,,3.436,4.177489319091199
20220817,12,-7.5,111.75,37.837,,111.803,281.408,29.834,-105.211,,0.977,1329.724,152.0,0.0,1.66,0.163,,,111.803,,,3.7837000000000005,5.126112019889263
20220817,12,-7.5,112.5,38.915,,112.541,281.37,29.101,-105.568,,0.977,1329.724,27.0,0.0,1.628,0.177,,,112.541,,,3.8914999999999997,5.36534302319345
20220817,12,-7.5,113.25,41.911,,113.261,281.334,28.389,-105.934,,0.977,1329.724,0.0,0.0,1.43,0.126,,,113.261,,,4.1911000000000005,4.563254905017315
20220817,12,-7.5,114.0,42.155,,113.999,281.3,27.659,-106.331,,0.977,1329.724,0.0,0.0,1.316,0.09,,,113.999,,,4.2155000000000005,3.9783488300135
20220817,12,-7.5,114.75,43.393,,114.719,281.268,26.949,-106.739,,0.977,1329.724,0.0,0.0,1.191,0.069,,,114.719,,,4.3393,3.6453077872418262
20220817,12,-7.5,115.5,43.159,,115.458,281.238,26.222,-107.182,,0.977,1329.724,0.0,0.0,1.108,0.064,,,115.458,,,4.3159,3.562017165725064
20220817,12,-7.5,116.25,45.268,,116.178,281.21,25.516,-107.638,,0.977,1329.724,,0.0,1.026,0.06,,,116.178,,,4.5268,3.5111913787302393
20220817,12,-8.25,110.25,29.565,,110.495,281.213,31.456,-105.98,,0.977,1329.724,0.0,0.0,0.923,0.06,,,110.495,,,2.9565,3.357141084536
20220817,12,-8.25,111.0,30.079,,111.233,281.159,30.726,-106.331,,0.977,1329.724,0.0,0.0,1.049,0.065,,,111.233,,,3.0079000000000002,3.44461530918809
20220817,12,-8.25,111.75,31.555,,111.951,281.109,30.016,-106.69,,0.977,1329.724,179.0,0.0,1.169,0.074,,,111.951,,,3.1555,3.6089852320270994
20220817,12,-8.25,112.5,33.924,,112.689,281.059,29.289,-107.077,,0.977,1329.724,450.0,0.0,1.284,0.097,,,112.689,,,3.3924,4.010255091186911
20220817,12,-8.25,113.25,36.782,,113.408,281.013,28.583,-107.475,,0.977,1329.724,5.0,0.0,1.384,0.136,,,113.408,,,3.6781999999999995,4.675782693326944
20220817,12,-8.25,114.0,37.76,,114.146,280.966,27.859,-107.905,,0.977,1329.724,520.0,0.0,1.324,0.111,,,114.146,,,3.776,4.2799901065856
20220817,12,-8.25,114.75,39.874,,114.865,280.924,27.155,-108.347,,0.977,1329.724,685.0,0.0,1.221,0.083,,,114.865,,,3.9874,3.844859348294168
20220817,12,-8.25,115.5,41.282,,115.604,280.881,26.435,-108.827,,0.977,1329.724,307.0,0.0,1.191,0.086,,,115.604,,,4.1282,3.905970008409744
20220817,12,-8.25,116.25,46.344,,116.323,280.842,25.736,-109.321,,0.977,1329.724,,0.0,1.186,0.089,,,116.323,,,4.6344,3.9917451704803844
20220817,12,-9.0,110.25,25.424,,110.637,280.941,31.639,-107.351,,0.977,1329.724,,0.0,0.784,0.061,,,110.637,,,2.5423999999999998,3.314647639142656
20220817,12,-9.0,111.0,26.545,,111.374,280.876,30.914,-107.728,,0.977,1329.724,,0.0,0.87,0.068,,,111.374,,,2.6545,3.4438539850292
20220817,12,-9.0,111.75,29.262,,112.092,280.815,30.21,-108.113,,0.977,1329.724,,0.0,1.002,0.074,,,112.092,,,2.9262,3.5789601106593762
20220817,12,-9.0,112.5,32.702,,112.829,280.754,29.489,-108.53,,0.977,1329.724,,0.0,1.106,0.08,,,112.829,,,3.2702,3.72024797085072
20220817,12,-9.0,113.25,36.149,,113.547,280.697,28.788,-108.956,,0.977,1329.724,,0.0,1.163,0.085,,,113.547,,,3.6149,3.84070634980741
20220817,12,-9.0,114.0,37.192,,114.285,280.64,28.07,-109.417,,0.977,1329.724,,0.0,1.167,0.084,,,114.285,,,3.7192,3.835366136029696
20220817,12,-9.0,114.75,38.028,,115.003,280.586,27.373,-109.891,,0.977,1329.724,,0.0,1.179,0.081,,,115.003,,,3.8028,3.7949700532859842
20220817,12,-9.0,115.5,40.161,,115.741,280.532,26.66,-110.405,,0.977,1329.724,,0.0,1.118,0.087,,,115.741,,,4.0161,3.912557393704742
20220817,12,-9.0,116.25,42.006,,116.46,280.481,25.967,-110.933,,0.977,1329.724,,0.0,1.126,0.097,,,116.46,,,4.2006,4.091267900713032
20220817,15,-5.25,110.25,42.367,,153.352,289.343,30.868,-100.293,,0.977,1329.724,0.0,0.0,1.391,0.077,,,153.352,,,4.2367,3.7680544701315375
20220817,15,-5.25,111.0,40.188,,154.065,289.787,30.12,-100.526,,0.977,1329.724,0.0,0.0,1.207,0.068,,,154.065,,,4.018800000000001,3.603403803346432
20220817,15,-5.25,111.75,39.127,,154.757,290.245,29.393,-100.765,,0.977,1329.724,,0.0,1.077,0.066,,,154.757,,,3.9127,3.561392683702444
20220817,15,-5.25,112.5,40.496,,155.466,290.747,28.647,-101.024,,0.977,1329.724,0.0,0.0,1.013,0.07,,,155.466,,,4.0496,3.63863385578752
20220817,15,-5.25,113.25,44.617,,156.154,291.267,27.921,-101.29,,0.977,1329.724,,0.0,0.955,0.078,,,156.154,,,4.4616999999999996,3.800849968350532
20220817,15,-5.25,114.0,47.244,,156.858,291.837,27.176,-101.579,,0.977,1329.724,0.0,0.0,0.908,0.081,,,156.858,,,4.7244,3.866295698954336
20220817,15,-5.25,114.75,47.926,,157.541,292.43,26.451,-101.877,,0.977,1329.724,0.0,0.0,0.868,0.08,,,157.541,,,4.7926,3.8537100047796797
20220817,15,-5.25,115.5,46.873,,158.238,293.08,25.708,-102.201,,0.977,1329.724,,0.0,0.831,0.082,,,158.238,,,4.6873,3.880504913122188
20220817,15,-5.25,116.25,45.815,,158.915,293.759,24.985,-102.535,,0.977,1329.724,,0.0,0.83,0.083,,,158.915,,,4.5815,3.89040084128355
20220817,15,-6.0,110.25,43.823,,153.588,287.939,30.99,-101.713,,0.977,1329.724,0.0,0.0,1.588,0.115,,,153.588,,,4.3823,4.39916382490291
20220817,15,-6.0,111.0,40.434,,154.307,288.341,30.246,-101.977,,0.977,1329.724,0.0,0.0,1.509,0.095,,,154.307,,,4.0434,4.04526674700172
20220817,15,-6.0,111.75,38.332,,155.004,288.758,29.522,-102.247,,0.977,1329.724,0.0,0.0,1.354,0.076,,,155.004,,,3.8332,3.716616551195904
20220817,15,-6.0,112.5,38.932,,155.719,289.214,28.78,-102.54,,0.977,1329.724,0.0,0.0,1.199,0.063,,,155.719,,,3.8932,3.5107946674227524
20220817,15,-6.0,113.25,41.557,,156.413,289.689,28.058,-102.84,,0.977,1329.724,0.0,0.0,1.063,0.066,,,156.413,,,4.1557,3.5822895693627643
20220817,15,-6.0,114.0,43.705,,157.123,290.21,27.317,-103.166,,0.977,1329.724,0.0,0.0,0.982,0.066,,,157.123,,,4.3705,3.5986003253779
20220817,15,-6.0,114.75,44.737,,157.813,290.754,26.597,-103.501,,0.977,1329.724,0.0,0.0,0.898,0.067,,,157.813,,,4.4737,3.622044767504958
20220817,15,-6.0,115.5,44.459,,158.518,291.352,25.859,-103.866,,0.977,1329.724,0.0,0.0,0.847,0.071,,,158.518,,,4.4459,3.685478604177846
20220817,15,-6.0,116.25,44.088,,159.202,291.977,25.141,-104.243,,0.977,1329.724,,0.0,0.822,0.078,,,159.202,,,4.4088,3.7971761683358722
20220817,15,-6.75,110.25,41.459,,153.813,286.47,31.131,-103.161,,0.977,1329.724,0.0,0.0,1.614,0.148,,,153.813,,,4.1459,4.917901444100847
20220817,15,-6.75,111.0,40.733,,154.536,286.827,30.391,-103.455,,0.977,1329.724,36.0,0.0,1.63,0.147,,,154.536,,,4.0733,4.894974687746317
20220817,15,-6.75,111.75,41.217,,155.239,287.199,29.672,-103.756,,0.977,1329.724,0.0,0.0,1.613,0.144,,,155.239,,,4.1217,4.850537066701735
20220817,15,-6.75,112.5,41.674,,155.959,287.607,28.934,-104.082,,0.977,1329.724,0.0,0.0,1.462,0.104,,,155.959,,,4.1674,4.202624669209184
20220817,15,-6.75,113.25,43.614,,156.659,288.032,28.217,-104.416,,0.977,1329.724,0.0,0.0,1.273,0.074,,,156.659,,,4.3614,3.728502420891184
20220817,15,-6.75,114.0,43.805,,157.375,288.501,27.481,-104.778,,0.977,1329.724,0.0,0.0,1.152,0.063,,,157.375,,,4.3805,3.5503479387189496
20220817,15,-6.75,114.75,44.832,,158.071,288.99,26.767,-105.152,,0.977,1329.724,0.0,0.0,1.064,0.062,,,158.071,,,4.4832,3.5410268793364477
20220817,15,-6.75,115.5,45.623,,158.784,289.53,26.034,-105.557,,0.977,1329.724,0.0,0.0,1.001,0.061,,,158.784,,,4.5623,3.5297667221522744
20220817,15,-6.75,116.25,45.262,,159.475,290.096,25.321,-105.975,,0.977,1329.724,,0.0,0.921,0.068,,,159.475,,,4.5262,3.6418231043688323
20220817,15,-7.5,110.25,33.658,,154.014,285.015,31.283,-104.558,,0.977,1329.724,340.0,0.0,1.316,0.105,,,154.014,,,3.3658,4.13668718009812
20220817,15,-7.5,111.0,35.885,,154.741,285.327,30.548,-104.881,,0.977,1329.724,158.0,0.0,1.521,0.134,,,154.741,,,3.5885,4.6332049599789
20220817,15,-7.5,111.75,39.948,,155.448,285.652,29.834,-105.211,,0.977,1329.724,152.0,0.0,1.63,0.208,,,155.448,,,3.9948,5.880675940870272
20220817,15,-7.5,112.5,41.463,,156.173,286.011,29.101,-105.568,,0.977,1329.724,27.0,0.0,1.546,0.177,,,156.173,,,4.1463,5.390569349093497
20220817,15,-7.5,113.25,42.223,,156.878,286.386,28.389,-105.934,,0.977,1329.724,0.0,0.0,1.37,0.105,,,156.878,,,4.2223,4.22347684525057
20220817,15,-7.5,114.0,41.75,,157.6,286.799,27.659,-106.331,,0.977,1329.724,0.0,0.0,1.244,0.077,,,157.6,,,4.175,3.763145063625
20220817,15,-7.5,114.75,44.559,,158.301,287.233,26.949,-106.739,,0.977,1329.724,0.0,0.0,1.167,0.072,,,158.301,,,4.4559,3.702487493848471
20220817,15,-7.5,115.5,45.996,,159.02,287.713,26.222,-107.182,,0.977,1329.724,0.0,0.0,1.139,0.071,,,159.02,,,4.599600000000001,3.695461418455456
20220817,15,-7.5,116.25,47.764,,159.718,288.217,25.516,-107.638,,0.977,1329.724,,0.0,1.064,0.067,,,159.718,,,4.776400000000001,3.6402389293254718
20220817,15,-8.25,110.25,32.512,,154.201,283.498,31.456,-105.98,,0.977,1329.724,0.0,0.0,0.911,0.078,,,154.201,,,3.2512,3.685561061635072
20220817,15,-8.25,111.0,33.221,,154.932,283.761,30.726,-106.331,,0.977,1329.724,0.0,0.0,1.023,0.087,,,154.932,,,3.3221,3.8398611118705817
20220817,15,-8.25,111.75,35.145,,155.643,284.037,30.016,-106.69,,0.977,1329.724,179.0,0.0,1.16,0.092,,,155.643,,,3.5145000000000004,3.9432942656128
20220817,15,-8.25,112.5,36.647,,156.372,284.342,29.289,-107.077,,0.977,1329.724,450.0,0.0,1.26,0.112,,,156.372,,,3.6647,4.284492232072168
20220817,15,-8.25,113.25,37.78,,157.081,284.662,28.583,-107.475,,0.977,1329.724,5.0,0.0,1.334,0.129,,,157.081,,,3.778,4.5727977310456005
20220817,15,-8.25,114.0,38.748,,157.808,285.017,27.859,-107.905,,0.977,1329.724,520.0,0.0,1.214,0.101,,,157.808,,,3.8747999999999996,4.127257337020384
20220817,15,-8.25,114.75,42.676,,158.515,285.39,27.155,-108.347,,0.977,1329.724,685.0,0.0,1.128,0.086,,,158.515,,,4.2676,3.9172392820722557
20220817,15,-8.25,115.5,44.381,,159.239,285.804,26.435,-108.827,,0.977,1329.724,307.0,0.0,1.169,0.094,,,159.239,,,4.4381,4.060442977344963
20220817,15,-8.25,116.25,46.799,,159.943,286.241,25.736,-109.321,,0.977,1329.724,,0.0,1.189,0.088,,,159.943,,,4.6799,3.978148255601848
20220817,15,-9.0,110.25,28.018,,154.364,281.999,31.639,-107.351,,0.977,1329.724,,0.0,0.832,0.076,,,154.364,,,2.8018,3.593916982581504
20220817,15,-9.0,111.0,29.887,,155.098,282.214,30.914,-107.728,,0.977,1329.724,,0.0,0.926,0.079,,,155.098,,,2.9887,3.668087520840246
20220817,15,-9.0,111.75,33.231,,155.812,282.44,30.21,-108.113,,0.977,1329.724,,0.0,1.032,0.083,,,155.812,,,3.3231,3.775204335278398
20220817,15,-9.0,112.5,36.25,,156.545,282.691,29.489,-108.53,,0.977,1329.724,,0.0,1.081,0.084,,,156.545,,,3.625,3.825547825
20220817,15,-9.0,113.25,38.133,,157.258,282.955,28.788,-108.956,,0.977,1329.724,,0.0,1.101,0.085,,,157.258,,,3.8133000000000004,3.8610365081574898
20220817,15,-9.0,114.0,39.397,,157.989,283.25,28.07,-109.417,,0.977,1329.724,,0.0,1.087,0.085,,,157.989,,,3.9396999999999998,3.87306673850469
20220817,15,-9.0,114.75,41.323,,158.7,283.561,27.373,-109.891,,0.977,1329.724,,0.0,1.07,0.088,,,158.7,,,4.1323,3.9389063028991913
20220817,15,-9.0,115.5,41.907,,159.429,283.908,26.66,-110.405,,0.977,1329.724,,0.0,1.098,0.092,,,159.429,,,4.1907,4.008944176279167
20220817,15,-9.0,116.25,43.039,,160.138,284.275,25.967,-110.933,,0.977,1329.724,,0.0,1.142,0.095,,,160.138,,,4.3039000000000005,4.06685210916527
20220817,18,-5.25,110.25,41.597,,159.425,65.817,30.868,-100.293,,0.977,1329.724,0.0,0.0,1.37,0.091,,,159.425,,,4.1597,3.9900882024893742
20220817,18,-5.25,111.0,42.023,,158.732,66.547,30.12,-100.526,,0.977,1329.724,0.0,0.0,1.186,0.083,,,158.732,,,4.2023,3.8631588278066222
20220817,18,-5.25,111.75,42.562,,158.055,67.209,29.393,-100.765,,0.977,1329.724,,0.0,1.048,0.074,,,158.055,,,4.2562,3.7206442671361755
20220817,18,-5.25,112.5,44.095,,157.355,67.845,28.647,-101.024,,0.977,1329.724,0.0,0.0,0.964,0.073,,,157.355,,,4.4094999999999995,3.71560836801345
20220817,18,-5.25,113.25,46.593,,156.672,68.424,27.921,-101.29,,0.977,1329.724,,0.0,0.908,0.079,,,156.672,,,4.6593,3.829814670278166
20220817,18,-5.25,114.0,47.409,,155.966,68.981,27.176,-101.579,,0.977,1329.724,0.0,0.0,0.884,0.077,,,155.966,,,4.7409,3.801822977697202
20220817,18,-5.25,114.75,46.841,,155.277,69.49,26.451,-101.877,,0.977,1329.724,0.0,0.0,0.862,0.076,,,155.277,,,4.6841,3.782237800996576
20220817,18,-5.25,115.5,45.613,,154.568,69.98,25.708,-102.201,,0.977,1329.724,,0.0,0.826,0.081,,,154.568,,,4.5613,3.8564387193315937
20220817,18,-5.25,116.25,45.611,,153.874,70.429,24.985,-102.535,,0.977,1329.724,,0.0,0.834,0.085,,,153.874,,,4.5611,3.92177271228661
20220817,18,-6.0,110.25,44.634,,159.717,67.642,30.99,-101.713,,0.977,1329.724,0.0,0.0,1.575,0.143,,,159.717,,,4.4634,4.862304990922167
20220817,18,-6.0,111.0,42.499,,159.016,68.315,30.246,-101.977,,0.977,1329.724,0.0,0.0,1.49,0.123,,,159.016,,,4.2499,4.519261244645758
20220817,18,-6.0,111.75,41.579,,158.331,68.925,29.522,-102.247,,0.977,1329.724,0.0,0.0,1.349,0.088,,,158.331,,,4.1579,3.941041985074168
20220817,18,-6.0,112.5,42.169,,157.625,69.509,28.78,-102.54,,0.977,1329.724,0.0,0.0,1.163,0.065,,,157.625,,,4.2169,3.57083843366489
20220817,18,-6.0,113.25,44.45,,156.934,70.039,28.058,-102.84,,0.977,1329.724,0.0,0.0,1.032,0.066,,,156.934,,,4.445,3.6037838003900005
20220817,18,-6.0,114.0,46.064,,156.222,70.548,27.317,-103.166,,0.977,1329.724,0.0,0.0,0.97,0.069,,,156.222,,,4.6064,3.663198080117504
20220817,18,-6.0,114.75,46.943,,155.528,71.011,26.597,-103.501,,0.977,1329.724,0.0,0.0,0.914,0.07,,,155.528,,,4.6943,3.6847448472257796
20220817,18,-6.0,115.5,46.376,,154.812,71.457,25.859,-103.866,,0.977,1329.724,0.0,0.0,0.869,0.074,,,154.812,,,4.6376,3.7467973508567045
20220817,18,-6.0,116.25,46.05,,154.113,71.865,25.141,-104.243,,0.977,1329.724,,0.0,0.84,0.086,,,154.113,,,4.6049999999999995,3.9408980104899998
20220817,18,-6.75,110.25,41.325,,159.994,69.571,31.131,-103.161,,0.977,1329.724,0.0,0.0,1.594,0.152,,,159.994,,,4.1325,4.981880370955
20220817,18,-6.75,111.0,41.324,,159.286,70.181,30.391,-103.455,,0.977,1329.724,36.0,0.0,1.616,0.169,,,159.286,,,4.1324,5.258906642384224
20220817,18,-6.75,111.75,42.843,,158.593,70.733,29.672,-103.756,,0.977,1329.724,0.0,0.0,1.569,0.152,,,158.593,,,4.2843,4.995097441900407
20220817,18,-6.75,112.5,42.937,,157.88,71.259,28.934,-104.082,,0.977,1329.724,0.0,0.0,1.372,0.093,,,157.88,,,4.293699999999999,4.033439846263282
20220817,18,-6.75,113.25,44.347,,157.183,71.735,28.217,-104.416,,0.977,1329.724,0.0,0.0,1.238,0.068,,,157.183,,,4.4347,3.635733151356752
20220817,18,-6.75,114.0,45.888,,156.465,72.192,27.481,-104.778,,0.977,1329.724,0.0,0.0,1.152,0.065,,,156.465,,,4.5888,3.5967600791065593
20220817,18,-6.75,114.75,47.771,,155.765,72.606,26.767,-105.152,,0.977,1329.724,0.0,0.0,1.079,0.066,,,155.765,,,4.7771,3.6239227567120755
20220817,18,-6.75,115.5,48.23,,155.044,73.004,26.034,-105.557,,0.977,1329.724,0.0,0.0,1.023,0.066,,,155.044,,,4.8229999999999995,3.6263248947644007
20220817,18,-6.75,116.25,47.415,,154.34,73.367,25.321,-105.975,,0.977,1329.724,,0.0,0.947,0.08,,,154.34,,,4.7415,3.850909291513
20220817,18,-7.5,110.25,35.45,,160.241,71.5,31.283,-104.558,,0.977,1329.724,340.0,0.0,1.303,0.117,,,160.241,,,3.5450000000000004,4.352339612105
20220817,18,-7.5,111.0,37.618,,159.525,72.045,30.548,-104.881,,0.977,1329.724,158.0,0.0,1.474,0.145,,,159.525,,,3.7618,4.8311485809070795
20220817,18,-7.5,111.75,40.804,,158.826,72.535,29.834,-105.211,,0.977,1329.724,152.0,0.0,1.543,0.173,,,158.826,,,4.0804,5.319191034060127
20220817,18,-7.5,112.5,40.575,,158.107,73.001,29.101,-105.568,,0.977,1329.724,27.0,0.0,1.433,0.124,,,158.107,,,4.0575,4.51887069276
20220817,18,-7.5,113.25,40.767,,157.404,73.423,28.389,-105.934,,0.977,1329.724,0.0,0.0,1.31,0.087,,,157.404,,,4.076700000000001,3.9178758794126773
20220817,18,-7.5,114.0,42.302,,156.682,73.825,27.659,-106.331,,0.977,1329.724,0.0,0.0,1.179,0.073,,,156.682,,,4.2302,3.7023202194074316
20220817,18,-7.5,114.75,46.158,,155.976,74.19,26.949,-106.739,,0.977,1329.724,0.0,0.0,1.163,0.073,,,155.976,,,4.6158,3.729135169933512
20220817,18,-7.5,115.5,47.615,,155.251,74.538,26.222,-107.182,,0.977,1329.724,0.0,0.0,1.139,0.076,,,155.251,,,4.7615,3.7866096110295997
20220817,18,-7.5,116.25,48.216,,154.543,74.855,25.516,-107.638,,0.977,1329.724,,0.0,1.102,0.077,,,154.543,,,4.8216,3.8061773086059523
20220817,18,-8.25,110.25,36.167,,160.469,73.531,31.456,-105.98,,0.977,1329.724,0.0,0.0,0.946,0.083,,,160.469,,,3.6167000000000002,3.808428543939102
20220817,18,-8.25,111.0,36.704,,159.747,74.003,30.726,-106.331,,0.977,1329.724,0.0,0.0,1.058,0.091,,,159.747,,,3.6704,3.944024141771776
20220817,18,-8.25,111.75,37.978,,159.043,74.426,30.016,-106.69,,0.977,1329.724,179.0,0.0,1.159,0.103,,,159.043,,,3.7978,4.1521575929695915
20220817,18,-8.25,112.5,38.183,,158.317,74.828,29.289,-107.077,,0.977,1329.724,450.0,0.0,1.223,0.112,,,158.317,,,3.8183,4.300562027133928
20220817,18,-8.25,113.25,38.73,,157.61,75.19,28.583,-107.475,,0.977,1329.724,5.0,0.0,1.247,0.113,,,157.61,,,3.8729999999999998,4.3222882407442
20220817,18,-8.25,114.0,40.392,,156.882,75.534,27.859,-107.905,,0.977,1329.724,520.0,0.0,1.103,0.098,,,156.882,,,4.0392,4.093751944563712
20220817,18,-8.25,114.75,44.429,,156.173,75.844,27.155,-108.347,,0.977,1329.724,685.0,0.0,1.081,0.087,,,156.173,,,4.4429,3.9464968292329816
20220817,18,-8.25,115.5,44.728,,155.443,76.14,26.435,-108.827,,0.977,1329.724,307.0,0.0,1.165,0.092,,,155.443,,,4.4728,4.030212734309887
20220817,18,-8.25,116.25,45.458,,154.732,76.408,25.736,-109.321,,0.977,1329.724,,0.0,1.185,0.088,,,154.732,,,4.5458,3.969788004943072
20220817,18,-9.0,110.25,32.48,,160.667,75.553,31.639,-107.351,,0.977,1329.724,,0.0,0.877,0.084,,,160.667,,,3.2479999999999998,3.7822685766656
20220817,18,-9.0,111.0,35.204,,159.939,75.95,30.914,-107.728,,0.977,1329.724,,0.0,0.935,0.085,,,159.939,,,3.5204,3.8304012384625596
20220817,18,-9.0,111.75,37.659,,159.23,76.305,30.21,-108.113,,0.977,1329.724,,0.0,0.997,0.09,,,159.23,,,3.7659,3.93761097883334
20220817,18,-9.0,112.5,39.663,,158.5,76.64,29.489,-108.53,,0.977,1329.724,,0.0,0.981,0.095,,,158.5,,,3.9662999999999995,4.03828694692303
20220817,18,-9.0,113.25,40.991,,157.788,76.941,28.788,-108.956,,0.977,1329.724,,0.0,0.996,0.092,,,157.788,,,4.0991,4.0012632364081915
20220817,18,-9.0,114.0,42.204,,157.057,77.226,28.07,-109.417,,0.977,1329.724,,0.0,0.998,0.093,,,157.057,,,4.2204,4.027658333466848
20220817,18,-9.0,114.75,44.343,,156.343,77.481,27.373,-109.891,,0.977,1329.724,,0.0,1.032,0.091,,,156.343,,,4.4343,4.011196684828014
20220817,18,-9.0,115.5,43.784,,155.61,77.724,26.66,-110.405,,0.977,1329.724,,0.0,1.111,0.094,,,155.61,,,4.3784,4.056137832761344
20220817,18,-9.0,116.25,44.222,,154.896,77.942,25.967,-110.933,,0.977,1329.724,,0.0,1.111,0.095,,,154.896,,,4.4222,4.0756367821450805
20220817,21,-5.25,110.25,44.631,,116.253,77.85,30.868,-100.293,,0.977,1329.724,0.0,0.0,1.352,0.104,,,116.253,,,4.4631,4.225480422568023
20220817,21,-5.25,111.0,45.088,,115.513,77.858,30.12,-100.526,,0.977,1329.724,0.0,0.0,1.191,0.091,,,115.513,,,4.5088,4.016335418333184
20220817,21,-5.25,111.75,45.908,,114.793,77.863,29.393,-100.765,,0.977,1329.724,,0.0,1.031,0.08,,,114.793,,,4.5908,3.84197050949952
20220817,21,-5.25,112.5,47.084,,114.053,77.865,28.647,-101.024,,0.977,1329.724,0.0,0.0,0.932,0.08,,,114.053,,,4.7084,3.8490328911340796
20220817,21,-5.25,113.25,47.795,,113.333,77.866,27.921,-101.29,,0.977,1329.724,,0.0,0.899,0.08,,,113.333,,,4.7795000000000005,3.853003130577
20220817,21,-5.25,114.0,47.309,,112.593,77.863,27.176,-101.579,,0.977,1329.724,0.0,0.0,0.878,0.078,,,112.593,,,4.7309,3.8176133863954282
20220817,21,-5.25,114.75,46.287,,111.872,77.859,26.451,-101.877,,0.977,1329.724,0.0,0.0,0.859,0.076,,,111.872,,,4.6287,3.778945072585824
20220817,21,-5.25,115.5,45.707,,111.133,77.852,25.708,-102.201,,0.977,1329.724,,0.0,0.828,0.082,,,111.133,,,4.5707,3.8733766143780275
20220817,21,-5.25,116.25,47.061,,110.412,77.843,24.985,-102.535,,0.977,1329.724,,0.0,0.836,0.085,,,110.412,,,4.7061,3.93064213829061
20220817,21,-6.0,110.25,46.223,,116.407,78.209,30.99,-101.713,,0.977,1329.724,0.0,0.0,1.56,0.161,,,116.407,,,4.6223,5.167602389681274
20220817,21,-6.0,111.0,44.891,,115.667,78.205,30.246,-101.977,,0.977,1329.724,0.0,0.0,1.502,0.138,,,115.667,,,4.4891,4.7825369375641875
20220817,21,-6.0,111.75,44.504,,114.946,78.198,29.522,-102.247,,0.977,1329.724,0.0,0.0,1.344,0.1,,,114.946,,,4.4504,4.1592726979456
20220817,21,-6.0,112.5,45.645,,114.207,78.19,28.78,-102.54,,0.977,1329.724,0.0,0.0,1.161,0.073,,,114.207,,,4.564500000000001,3.7259476599394494
20220817,21,-6.0,113.25,47.356,,113.486,78.179,28.058,-102.84,,0.977,1329.724,0.0,0.0,1.021,0.074,,,113.486,,,4.7356,3.752475311438144
20220817,21,-6.0,114.0,47.932,,112.746,78.166,27.317,-103.166,,0.977,1329.724,0.0,0.0,0.967,0.07,,,112.746,,,4.793200000000001,3.69019482815328
20220817,21,-6.0,114.75,47.775,,112.026,78.15,26.597,-103.501,,0.977,1329.724,0.0,0.0,0.912,0.071,,,112.026,,,4.7775,3.70571210680375
20220817,21,-6.0,115.5,47.438,,111.287,78.133,25.859,-103.866,,0.977,1329.724,0.0,0.0,0.876,0.078,,,111.287,,,4.7438,3.8183356021106722
20220817,21,-6.0,116.25,47.93,,110.566,78.113,25.141,-104.243,,0.977,1329.724,,0.0,0.845,0.089,,,110.566,,,4.793,4.0009239709506
20220817,21,-6.75,110.25,41.856,,116.56,78.579,31.131,-103.161,,0.977,1329.724,0.0,0.0,1.558,0.142,,,116.56,,,4.1856,4.823613051773952
20220817,21,-6.75,111.0,42.846,,115.82,78.564,30.391,-103.455,,0.977,1329.724,36.0,0.0,1.572,0.163,,,115.82,,,4.284599999999999,5.174550569790167
20220817,21,-6.75,111.75,44.082,,115.1,78.546,29.672,-103.756,,0.977,1329.724,0.0,0.0,1.518,0.146,,,115.1,,,4.4082,4.907120012691184
20220817,21,-6.75,112.5,44.742,,114.36,78.526,28.934,-104.082,,0.977,1329.724,0.0,0.0,1.332,0.092,,,114.36,,,4.4742,4.030309300920448
20220817,21,-6.75,113.25,46.719,,113.64,78.504,28.217,-104.416,,0.977,1329.724,0.0,0.0,1.22,0.072,,,113.64,,,4.6719,3.716141791150232
20220817,21,-6.75,114.0,48.266,,112.9,78.479,27.481,-104.778,,0.977,1329.724,0.0,0.0,1.135,0.066,,,112.9,,,4.8266,3.626509381554416
20220817,21,-6.75,114.75,48.982,,112.18,78.453,26.767,-105.152,,0.977,1329.724,0.0,0.0,1.079,0.068,,,112.18,,,4.8982,3.662784283719872
20220817,21,-6.75,115.5,48.533,,111.441,78.424,26.034,-105.557,,0.977,1329.724,0.0,0.0,1.046,0.071,,,111.441,,,4.8533,3.709654682749974
20220817,21,-6.75,116.25,48.016,,110.721,78.394,25.321,-105.975,,0.977,1329.724,,0.0,0.982,0.085,,,110.721,,,4.8016,3.93596789306496
20220817,21,-7.5,110.25,37.678,,116.704,78.943,31.283,-104.558,,0.977,1329.724,340.0,0.0,1.301,0.109,,,116.704,,,3.7678,4.246635965404775
20220817,21,-7.5,111.0,39.527,,115.964,78.916,30.548,-104.881,,0.977,1329.724,158.0,0.0,1.387,0.12,,,115.964,,,3.9527,4.44393875415308
20220817,21,-7.5,111.75,41.318,,115.244,78.887,29.834,-105.211,,0.977,1329.724,152.0,0.0,1.452,0.143,,,115.244,,,4.1318,4.8351516415500715
20220817,21,-7.5,112.5,40.482,,114.505,78.855,29.101,-105.568,,0.977,1329.724,27.0,0.0,1.378,0.109,,,114.505,,,4.0482,4.273712377085736
20220817,21,-7.5,113.25,41.398,,113.785,78.822,28.389,-105.934,,0.977,1329.724,0.0,0.0,1.261,0.08,,,113.785,,,4.1398,3.8091592488987196
20220817,21,-7.5,114.0,43.785,,113.046,78.786,27.659,-106.331,,0.977,1329.724,0.0,0.0,1.142,0.069,,,113.046,,,4.3785,3.6481304045556504
20220817,21,-7.5,114.75,46.678,,112.327,78.749,26.949,-106.739,,0.977,1329.724,0.0,0.0,1.166,0.073,,,112.327,,,4.6678,3.732247170715272
20220817,21,-7.5,115.5,46.984,,111.588,78.71,26.222,-107.182,,0.977,1329.724,0.0,0.0,1.152,0.078,,,111.588,,,4.6984,3.8157609747681276
20220817,21,-7.5,116.25,47.326,,110.868,78.669,25.516,-107.638,,0.977,1329.724,,0.0,1.119,0.082,,,110.868,,,4.7326,3.8831101551834726
20220817,21,-8.25,110.25,40.66,,116.847,79.32,31.456,-105.98,,0.977,1329.724,0.0,0.0,0.945,0.087,,,116.847,,,4.066,3.9169488255111995
20220817,21,-8.25,111.0,40.621,,116.108,79.28,30.726,-106.331,,0.977,1329.724,0.0,0.0,1.035,0.106,,,116.108,,,4.0621,4.226094251338717
20220817,21,-8.25,111.75,40.482,,115.389,79.24,30.016,-106.69,,0.977,1329.724,179.0,0.0,1.127,0.108,,,115.389,,,4.0482,4.257425232876032
20220817,21,-8.25,112.5,39.73,,114.65,79.196,29.289,-107.077,,0.977,1329.724,450.0,0.0,1.175,0.104,,,114.65,,,3.973,4.1854129987736
20220817,21,-8.25,113.25,39.965,,113.931,79.152,28.583,-107.475,,0.977,1329.724,5.0,0.0,1.162,0.104,,,113.931,,,3.9965,4.1875857645654
20220817,21,-8.25,114.0,41.4,,113.192,79.105,27.859,-107.905,,0.977,1329.724,520.0,0.0,1.062,0.09,,,113.192,,,4.14,3.9721457744
20220817,21,-8.25,114.75,44.504,,112.473,79.057,27.155,-108.347,,0.977,1329.724,685.0,0.0,1.111,0.086,,,112.473,,,4.4504,3.930692777258496
20220817,21,-8.25,115.5,44.066,,111.734,79.006,26.435,-108.827,,0.977,1329.724,307.0,0.0,1.16,0.088,,,111.734,,,4.4066,3.960252488190688
20220817,21,-8.25,116.25,44.541,,111.016,78.954,25.736,-109.321,,0.977,1329.724,,0.0,1.151,0.087,,,111.016,,,4.4540999999999995,3.947277037018262
20220817,21,-9.0,110.25,37.471,,116.982,79.689,31.639,-107.351,,0.977,1329.724,,0.0,0.829,0.094,,,116.982,,,3.7470999999999997,4.000715938717284
20220817,21,-9.0,111.0,39.715,,116.243,79.638,30.914,-107.728,,0.977,1329.724,,0.0,0.845,0.095,,,116.243,,,3.9715000000000003,4.03876619061575
20220817,21,-9.0,111.75,41.113,,115.525,79.586,30.21,-108.113,,0.977,1329.724,,0.0,0.894,0.085,,,115.525,,,4.1113,3.88825043692029
20220817,21,-9.0,112.5,42.531,,114.786,79.531,29.489,-108.53,,0.977,1329.724,,0.0,0.899,0.084,,,114.786,,,4.2531,3.883490713173104
20220817,21,-9.0,113.25,43.805,,114.068,79.476,28.788,-108.956,,0.977,1329.724,,0.0,0.935,0.088,,,114.068,,,4.3805,3.9583673545101994
20220817,21,-9.0,114.0,44.572,,113.33,79.417,28.07,-109.417,,0.977,1329.724,,0.0,0.99,0.091,,,113.33,,,4.4572,4.012802960373024
20220817,21,-9.0,114.75,46.152,,112.611,79.359,27.373,-109.891,,0.977,1329.724,,0.0,1.033,0.099,,,112.611,,,4.6152,4.153968482690816
20220817,21,-9.0,115.5,45.098,,111.874,79.296,26.66,-110.405,,0.977,1329.724,,0.0,1.064,0.096,,,111.874,,,4.5098,4.098064423564065
20220817,21,-9.0,116.25,44.564,,111.156,79.234,25.967,-110.933,,0.977,1329.724,,0.0,1.042,0.092,,,111.156,,,4.4564,4.029074917308671
